Word,Frequency,lgFreq,,,,,
nap,624,2.79518459,,,,,
moonlight,3,0.477121255,,,,,
rainbow,76,1.880813592,,,,,
lizard,34,1.531478917,,,,,
beside,75,1.875061263,,,,, 
curb,2,0.301029996,,,,,
dryer,36,1.556302501,,,,,
sprinkler,22,1.342422681,,,,,
cup,1160,3.064457989,,,,,
vow,0,0,,,,,
like,15307,4.184890082,,,,,
wrestling,9,0.954242509,,,,,
sale,50,1.698970004,,,,,
chest,103,2.012837225,,,,,
ill,16,1.204119983,,,,,
bump,282,2.450249108,,,,,
gently,75,1.875061263,,,,,
forehead,23,1.361727836,,,,,
drops,29,1.462397998,,,,,
dolly,463,2.665580991,,,,,
arm,439,2.64246452,,,,,
tobacco,10,1,,,,,
code,4,0.602059991,,,,,
wade,1,0,,,,,
unit,4,0.602059991,,,,,
brush,647,2.810904281,,,,,
scales,25,1.397940009,,,,,
listen,672,2.827369273,,,,,
always,503,2.701567985,,,,,
wipe,453,2.656098202,,,,,
job,746,2.872738827,,,,,
artist,17,1.230448921,,,,,
newspaper,66,1.819543936,,,,,
steer,10,1,,,,,
jelly,133,2.123851641,,,,,
ideal,4,0.602059991,,,,,
skateboard,16,1.204119983,,,,,
grandmother,22,1.342422681,,,,,
interesting,277,2.442479769,,,,,
contest,5,0.698970004,,,,,
strong,213,2.328379603,,,,,
center,20,1.301029996,,,,,
lily,26,1.414973348,,,,,
dentist,40,1.602059991,,,,,
change,481,2.682145076,,,,,
path,30,1.477121255,,,,,
kitten,75,1.875061263,,,,,
wheel,370,2.568201724,,,,,
peanut,122,2.086359831,,,,,
fan,92,1.963787827,,,,,
cloudy,10,1,,,,,
ladder,155,2.190331698,,,,,
straight,211,2.324282455,,,,,
blade,13,1.113943352,,,,,
picture,1230,3.089905111,,,,,
hug,357,2.552668216,,,,,
soup,301,2.478566496,,,,,
grandpa,280,2.447158031,,,,,
keeper,10,1,,,,,
angry,143,2.155336037,,,,,
back,6220,3.793790385,,,,,
smart,235,2.371067862,,,,,
out,7874,3.89619541,,,,,
cafeteria,3,0.477121255,,,,,
troll,17,1.230448921,,,,,
sleepy,364,2.561101384,,,,,
stir,106,2.025305865,,,,,
bib,236,2.372912003,,,,,
have,14331,4.156276496,,,,,
beneath,6,0.77815125,,,,,
fill,81,1.908485019,,,,,
woke,109,2.037426498,,,,,
do,37404,4.572918048,,,,,
curly,47,1.672097858,,,,,
break,669,2.825426118,,,,,
maple,5,0.698970004,,,,,
scrub,56,1.748188027,,,,,
for,13099,4.117238142,,,,,
saying,739,2.868644438,,,,,
with,13790,4.139564266,,,,,
going,8888,3.948804046,,,,,
mutt,5,0.698970004,,,,,
half,294,2.46834733,,,,,
them,8889,3.948852906,,,,,
chosen,1,0,,,,,
fine,409,2.611723308,,,,,
stroll,4,0.602059991,,,,,
factory,25,1.397940009,,,,,
typewriter,15,1.176091259,,,,,
needle,60,1.77815125,,,,,
pipe,109,2.037426498,,,,,
ambulance,49,1.69019608,,,,,
practice,58,1.763427994,,,,,
cell,2,0.301029996,,,,,
tickle,643,2.808210973,,,,,
emerald,0,0,,,,,
good-looking,0,0,,,,,
bum,29,1.462397998,,,,,
west,11,1.041392685,,,,,
hose,62,1.792391689,,,,,
gallop,4,0.602059991,,,,,
these,4133,3.616265405,,,,,
machine,225,2.352182518,,,,,
bravery,2,0.301029996,,,,,
whole,667,2.824125834,,,,,
chip,60,1.77815125,,,,,
troop,1,0,,,,,
lodge,0,0,,,,,
rover,10,1,,,,,
have to,0,0,,,,,
thieves,9,0.954242509,,,,,
sox,0,0,,,,,
clutch,4,0.602059991,,,,,
rabbit,530,2.72427587,,,,,
fuss,61,1.785329835,,,,,
jazz,2,0.301029996,,,,,
stairs,262,2.418301291,,,,,
shady,6,0.77815125,,,,,
ridden,6,0.77815125,,,,,
key,191,2.281033367,,,,,
north,64,1.806179974,,,,,
rehearse,0,0,,,,,
watermelon,36,1.556302501,,,,,
bundle,5,0.698970004,,,,,
majesty,0,0,,,,,
puzzle,542,2.733999287,,,,,
grandfather,11,1.041392685,,,,,
commander,5,0.698970004,,,,,
man,1538,3.186956335,,,,,
adverb,0,0,,,,,
ball,2298,3.361350024,,,,,
head,1894,3.277379975,,,,,
cry,460,2.662757832,,,,,
yawn,36,1.556302501,,,,,
okay,26415,4.421850615,,,,,
healthy,36,1.556302501,,,,,
octopus,60,1.77815125,,,,,
two,3714,3.569841899,,,,,
carefully,62,1.792391689,,,,,
grab,185,2.267171728,,,,,
open,2208,3.343999069,,,,,
sunlight,1,0,,,,,
everybody,390,2.591064607,,,,,
noisy,123,2.089905111,,,,,
build,705,2.848189117,,,,,
blow,658,2.818225894,,,,,
numbers,137,2.136720567,,,,,
tell,4385,3.641969598,,,,,
nothing,568,2.754348336,,,,,
using,140,2.146128036,,,,,
missing,232,2.365487985,,,,,
squeeze,103,2.012837225,,,,,
easy,274,2.437750563,,,,,
tried,135,2.130333768,,,,,
putting,750,2.875061263,,,,,
melt,27,1.431363764,,,,,
sort,177,2.247973266,,,,,
daily,8,0.903089987,,,,,
hurry,184,2.264817823,,,,,
fluffy,16,1.204119983,,,,,
fed,46,1.662757832,,,,,
inside,951,2.978180517,,,,,
sound,384,2.584331224,,,,,
palace,17,1.230448921,,,,,
saucer,37,1.568201724,,,,,
slid,9,0.954242509,,,,,
soak,3,0.477121255,,,,,
drew,82,1.913813852,,,,,
penguin,59,1.770852012,,,,,
choice,35,1.544068044,,,,,
cord,91,1.959041392,,,,,
thanks,229,2.359835482,,,,,
deep,110,2.041392685,,,,,
gray,36,1.556302501,,,,,
baseball,131,2.117271296,,,,,
checker,1,0,,,,,
raccoon,43,1.633468456,,,,,
memory,25,1.397940009,,,,,
airport,93,1.968482949,,,,,
join,22,1.342422681,,,,,
something,3483,3.541953474,,,,,
buttocks,0,0,,,,,
anything,1137,3.055760465,,,,,
wait,1983,3.297322714,,,,,
pink,373,2.571708832,,,,,
pouch,26,1.414973348,,,,,
sticky,169,2.227886705,,,,,
slip,43,1.633468456,,,,,
tall,272,2.434568904,,,,,
member,11,1.041392685,,,,,
rattle,126,2.100370545,,,,,
mike,127,2.103803721,,,,,
charge,19,1.278753601,,,,,
indoors,5,0.698970004,,,,,
jean,17,1.230448921,,,,,
roll,542,2.733999287,,,,,
hillside,0,0,,,,,
nod,2,0.301029996,,,,,
schoolhouse,6,0.77815125,,,,,
fifteen,65,1.812913357,,,,,
death,10,1,,,,,
where,10571,4.024116073,,,,,
place,679,2.831869774,,,,,
staring,12,1.079181246,,,,,
swan,11,1.041392685,,,,,
chick,48,1.681241237,,,,,
keeping,23,1.361727836,,,,,
say,8548,3.931864513,,,,,
raise,11,1.041392685,,,,,
downhill,3,0.477121255,,,,,
lad,2,0.301029996,,,,,
oceans,0,0,,,,,
cocoon,7,0.84509804,,,,,
flies,71,1.851258349,,,,,
meadow,18,1.255272505,,,,,
spun,2,0.301029996,,,,,
rung,1,0,,,,,
sore,69,1.838849091,,,,,
astronaut,27,1.431363764,,,,,
stood,31,1.491361694,,,,,
tie,217,2.336459734,,,,,
trim,8,0.903089987,,,,,
hind,1,0,,,,,
enter,3,0.477121255,,,,,
dimmer,0,0,,,,,
return,28,1.447158031,,,,,
bamboo,5,0.698970004,,,,,
carnival,16,1.204119983,,,,,
aside,6,0.77815125,,,,,
downtown,13,1.113943352,,,,,
flap,18,1.255272505,,,,,
till,107,2.029383778,,,,,
glee,0,0,,,,,
seashore,3,0.477121255,,,,,
wool,58,1.763427994,,,,,
facing,10,1,,,,,
easily,28,1.447158031,,,,,
binoculars,21,1.322219295,,,,,
herd,4,0.602059991,,,,,
baby,6064,3.782759193,,,,,
goblin,9,0.954242509,,,,,
cemetery,36,1.556302501,,,,,
schedule,10,1,,,,,
hawk,16,1.204119983,,,,,
everywhere,170,2.230448921,,,,,
matter,690,2.838849091,,,,,
building,239,2.378397901,,,,,
bush,79,1.897627091,,,,,
onto,135,2.130333768,,,,,
zoo,462,2.664641976,,,,,
stomach,85,1.929418926,,,,,
double,35,1.544068044,,,,,
comb,341,2.532754379,,,,,
would,4538,3.656864492,,,,,
dirt,167,2.222716471,,,,,
giggle,8,0.903089987,,,,,
deserve,5,0.698970004,,,,,
colony,1,0,,,,,
they,10517,4.021891874,,,,,
woodman,0,0,,,,,
had,2223,3.346939463,,,,,
simply,11,1.041392685,,,,,
seat,333,2.522444234,,,,,
necessary,14,1.146128036,,,,,
pen,482,2.683047038,,,,,
robe,12,1.079181246,,,,,
slim,0,0,,,,,
clearly,14,1.146128036,,,,,
bathroom,374,2.572871602,,,,,
bandage,15,1.176091259,,,,,
just,8794,3.944186461,,,,,
terribly,7,0.84509804,,,,,
animal,366,2.563481085,,,,,
cart,92,1.963787827,,,,,
much,1534,3.18582536,,,,,
prison,4,0.602059991,,,,,
victor,1,0,,,,,
operation,5,0.698970004,,,,,
mention,6,0.77815125,,,,,
shortly,3,0.477121255,,,,,
fellow,68,1.832508913,,,,,
manage,13,1.113943352,,,,,
union,1,0,,,,,
bell,179,2.252853031,,,,,
general,15,1.176091259,,,,,
national,2,0.301029996,,,,,
seed,28,1.447158031,,,,,
ray,13,1.113943352,,,,,
compare,4,0.602059991,,,,,
zipper,161,2.206825876,,,,,
old-fashioned,0,0,,,,,
blankets,54,1.73239376,,,,,
history,6,0.77815125,,,,,
elbow,38,1.579783597,,,,,
devil,32,1.505149978,,,,,
pet,192,2.283301229,,,,,
state,15,1.176091259,,,,,
uneasily,0,0,,,,,
nose,1576,3.197556213,,,,,
dog,1657,3.219322508,,,,,
except,136,2.133538908,,,,,
ice cream,0,0,,,,,
miller,12,1.079181246,,,,,
boots,164,2.214843848,,,,,
finger,693,2.840733235,,,,,
spoon,844,2.926342447,,,,,
done,1524,3.182984967,,,,,
won,69,1.838849091,,,,,
solid,13,1.113943352,,,,,
overcoat,1,0,,,,,
go,20679,4.315529533,,,,,
same,710,2.851258349,,,,,
grandson,8,0.903089987,,,,,
ready,1986,3.297979244,,,,,
surprise,114,2.056904851,,,,,
shine,20,1.301029996,,,,,
ran,188,2.274157849,,,,,
oxygen,1,0,,,,,
fast,491,2.691081492,,,,,
reach,295,2.469822016,,,,,
took,724,2.859738566,,,,,
no,22791,4.357763381,,,,,
alligator,159,2.201397124,,,,,
clown,225,2.352182518,,,,,
gorilla,55,1.740362689,,,,,
wind,297,2.472756449,,,,,
ride,1058,3.024485668,,,,,
pay,144,2.158362492,,,,,
calm,72,1.857332496,,,,,
learned,95,1.977723605,,,,,
plan,40,1.602059991,,,,,
sunny,63,1.799340549,,,,,
his,5465,3.737590166,,,,,
quiet,313,2.495544338,,,,,
pound,46,1.662757832,,,,,
weight,9,0.954242509,,,,,
turn,2853,3.455301772,,,,,
flippers,2,0.301029996,,,,,
sandy,58,1.763427994,,,,,
bumper,10,1,,,,,
trunks,13,1.113943352,,,,,
myself,129,2.11058971,,,,,
eleven,141,2.149219113,,,,,
muddy,35,1.544068044,,,,,
hang,391,2.592176757,,,,,
sigh,8,0.903089987,,,,,
captain,39,1.591064607,,,,,
finding,47,1.672097858,,,,,
wife,58,1.763427994,,,,,
companion,2,0.301029996,,,,,
below,26,1.414973348,,,,,
planet,22,1.342422681,,,,,
seeing,69,1.838849091,,,,,
jump,841,2.924795996,,,,,
tired,793,2.899273187,,,,,
jack,204,2.309630167,,,,,
come,10653,4.027471927,,,,,
codfish,0,0,,,,,
dial,43,1.633468456,,,,,
soft,306,2.485721426,,,,,
rat,37,1.568201724,,,,,
drove,44,1.643452676,,,,,
far,357,2.552668216,,,,,
often,41,1.612783857,,,,,
wig,7,0.84509804,,,,,
folks,8,0.903089987,,,,,
mule,15,1.176091259,,,,,
sill,13,1.113943352,,,,,
scratch,140,2.146128036,,,,,
bull,25,1.397940009,,,,,
piece,1092,3.038222638,,,,,
trainer,2,0.301029996,,,,,
above,50,1.698970004,,,,,
over,5567,3.745621221,,,,,
dirty,743,2.870988814,,,,,
mellon,0,0,,,,,
pill,21,1.322219295,,,,,
tracks,72,1.857332496,,,,,
dangerous,128,2.10720997,,,,,
fiddle,15,1.176091259,,,,,
hamster,27,1.431363764,,,,,
clerk,0,0,,,,,
slipped,29,1.462397998,,,,,
hunt,26,1.414973348,,,,,
police,43,1.633468456,,,,,
wrecked,15,1.176091259,,,,,
dressing,21,1.322219295,,,,,
anyone,73,1.86332286,,,,,
desk,107,2.029383778,,,,,
dizzy,45,1.653212514,,,,,
ribbon,111,2.045322979,,,,,
entrance,3,0.477121255,,,,,
space,140,2.146128036,,,,,
tennis,64,1.806179974,,,,,
lives,225,2.352182518,,,,,
bake,91,1.959041392,,,,,
printing,3,0.477121255,,,,,
read,2135,3.329397879,,,,,
tomorrow,612,2.786751422,,,,,
found,668,2.824776462,,,,,
bee,168,2.225309282,,,,,
pile,93,1.968482949,,,,,
vase,28,1.447158031,,,,,
frown,4,0.602059991,,,,,
low,63,1.799340549,,,,,
trap,9,0.954242509,,,,,
hut,34,1.531478917,,,,,
plop,11,1.041392685,,,,,
mayor,2,0.301029996,,,,,
not,11975,4.078275522,,,,,
professor,12,1.079181246,,,,,
smack,16,1.204119983,,,,,
tunnel,167,2.222716471,,,,,
fisher,7,0.84509804,,,,,
company,45,1.653212514,,,,,
story,1044,3.018700499,,,,,
ghost,65,1.812913357,,,,,
also,253,2.403120521,,,,,
dragon,163,2.212187604,,,,,
fudge,24,1.380211242,,,,,
cream,551,2.741151599,,,,,
those,4334,3.636888907,,,,,
bin,13,1.113943352,,,,,
pointed,33,1.51851394,,,,,
wave,126,2.100370545,,,,,
takes,196,2.292256071,,,,,
peep,54,1.73239376,,,,,
scout,1,0,,,,,
price,19,1.278753601,,,,,
packing,13,1.113943352,,,,,
pleasure,9,0.954242509,,,,,
heal,5,0.698970004,,,,,
itch,27,1.431363764,,,,,
able,274,2.437750563,,,,,
barrel,102,2.008600172,,,,,
crumble,3,0.477121255,,,,,
pedal,11,1.041392685,,,,,
crate,1,0,,,,,
opposite,19,1.278753601,,,,,
might,1146,3.059184618,,,,,
cafe,7,0.84509804,,,,,
only,977,2.989894564,,,,,
sports,7,0.84509804,,,,,
body,189,2.276461804,,,,,
meal,50,1.698970004,,,,,
skis,7,0.84509804,,,,,
dart,5,0.698970004,,,,,
stadium,4,0.602059991,,,,,
kill,64,1.806179974,,,,,
escape,18,1.255272505,,,,,
torn,20,1.301029996,,,,,
bakery,8,0.903089987,,,,,
taught,64,1.806179974,,,,,
program,31,1.491361694,,,,,
hundred,49,1.69019608,,,,,
clay,90,1.954242509,,,,,
route,4,0.602059991,,,,,
send,92,1.963787827,,,,,
struggled,2,0.301029996,,,,,
gotten,63,1.799340549,,,,,
thick,35,1.544068044,,,,,
mop,70,1.84509804,,,,,
guy,559,2.747411808,,,,,
stall,12,1.079181246,,,,,
toad,4,0.602059991,,,,,
icebox,0,0,,,,,
size,109,2.037426498,,,,,
probably,741,2.869818208,,,,,
sting,32,1.505149978,,,,,
anyway,277,2.442479769,,,,,
waterfall,29,1.462397998,,,,,
sleeve,47,1.672097858,,,,,
gums,18,1.255272505,,,,,
put,14984,4.175627764,,,,,
of,14340,4.156549151,,,,,
sandbox,64,1.806179974,,,,,
savings,2,0.301029996,,,,,
avalanche,0,0,,,,,
oil,52,1.716003344,,,,,
syrup,27,1.431363764,,,,,
flicker,2,0.301029996,,,,,
eighty,22,1.342422681,,,,,
stump,12,1.079181246,,,,,
enthusiasm,1,0,,,,,
pox,9,0.954242509,,,,,
vitamin,37,1.568201724,,,,,
hail,0,0,,,,,
apart,304,2.482873584,,,,,
happening,250,2.397940009,,,,,
yard,150,2.176091259,,,,,
mind,198,2.29666519,,,,,
chalk,105,2.021189299,,,,,
restaurant,75,1.875061263,,,,,
railroad,49,1.69019608,,,,,
past,76,1.880813592,,,,,
solve,5,0.698970004,,,,,
trunk,156,2.193124598,,,,,
stick,579,2.762678564,,,,,
slide,485,2.685741739,,,,,
adult,9,0.954242509,,,,,
cheek,53,1.72427587,,,,,
robber,9,0.954242509,,,,,
faraway,1,0,,,,,
breath,23,1.361727836,,,,,
slave,10,1,,,,,
university,16,1.204119983,,,,,
studied,1,0,,,,,
lap,285,2.45484486,,,,,
bag,890,2.949390007,,,,,
fare,1,0,,,,,
pup,21,1.322219295,,,,,
punish,4,0.602059991,,,,,
mighty,8,0.903089987,,,,,
bold,0,0,,,,,
inch,4,0.602059991,,,,,
mask,74,1.86923172,,,,,
toast,379,2.57863921,,,,,
sometimes,577,2.761175813,,,,,
nut,92,1.963787827,,,,,
couch,244,2.387389826,,,,,
walkie-talkie,1,0,,,,,
pie,227,2.356025857,,,,,
deed,0,0,,,,,
glorious,2,0.301029996,,,,,
shift,4,0.602059991,,,,,
somehow,20,1.301029996,,,,,
dope,21,1.322219295,,,,,
leaves,239,2.378397901,,,,,
cupboard,41,1.612783857,,,,,
rate,3,0.477121255,,,,,
dwarf,0,0,,,,,
ear,350,2.544068044,,,,,
table,1204,3.080626487,,,,,
ladybug,62,1.792391689,,,,,
thumb,171,2.23299611,,,,,
jinx,2,0.301029996,,,,,
egg,644,2.808885867,,,,,
fade,3,0.477121255,,,,,
gang,3,0.477121255,,,,,
bathtub,298,2.474216264,,,,,
vacuum,100,2,,,,,
shoe,622,2.793790385,,,,,
scarcely,0,0,,,,,
vacant,0,0,,,,,
banana,384,2.584331224,,,,,
jacket,167,2.222716471,,,,,
mouth,1626,3.211120541,,,,,
git,2,0.301029996,,,,,
hi,2810,3.44870632,,,,,
eating,1171,3.068556895,,,,,
fun,1017,3.007320953,,,,,
smell,383,2.583198774,,,,,
big,5859,3.767823498,,,,,
bye,613,2.787460475,,,,,
sunset,7,0.84509804,,,,,
near,124,2.093421685,,,,,
alphabet,53,1.72427587,,,,,
night,1228,3.089198367,,,,,
sharp,136,2.133538908,,,,,
reading,277,2.442479769,,,,,
daytime,20,1.301029996,,,,,
sing,907,2.957607287,,,,,
woof,277,2.442479769,,,,,
helping,97,1.986771734,,,,,
new,1531,3.184975191,,,,,
some,8814,3.945173046,,,,,
look,11232,4.050457095,,,,,
the,91294,4.960442236,,,,,
four,1040,3.017033339,,,,,
golf,63,1.799340549,,,,,
busy,298,2.474216264,,,,,
swimming,531,2.725094521,,,,,
count,367,2.564666064,,,,,
petted,7,0.84509804,,,,,
flip,51,1.707570176,,,,,
leap,12,1.079181246,,,,,
drip,35,1.544068044,,,,,
meet,113,2.053078443,,,,,
falls,88,1.944482672,,,,,
tractor,289,2.460897843,,,,,
because,4590,3.661812686,,,,,
hearing,20,1.301029996,,,,,
right,14193,4.152074203,,,,,
written,12,1.079181246,,,,,
board,133,2.123851641,,,,,
asleep,232,2.365487985,,,,,
stuffed,44,1.643452676,,,,,
deer,89,1.949390007,,,,,
idea,708,2.850033258,,,,,
slowly,43,1.633468456,,,,,
clubhouse,0,0,,,,,
white,581,2.764176132,,,,,
twelve,151,2.178976947,,,,,
hide,261,2.416640507,,,,,
flute,22,1.342422681,,,,,
square,301,2.478566496,,,,,
bottom,381,2.580924976,,,,,
feelings,11,1.041392685,,,,,
pocketbook,126,2.100370545,,,,,
made,1213,3.083860801,,,,,
fear,23,1.361727836,,,,,
pitcher,33,1.51851394,,,,,
more,5689,3.755035934,,,,,
run,631,2.800029359,,,,,
horseback,1,0,,,,,
pane,0,0,,,,,
shape,165,2.217483944,,,,,
crew,8,0.903089987,,,,,
otter,6,0.77815125,,,,,
trick,151,2.178976947,,,,,
crash,178,2.250420002,,,,,
ourselves,34,1.531478917,,,,,
senior,1,0,,,,,
diner,11,1.041392685,,,,,
wheeled,2,0.301029996,,,,,
suds,16,1.204119983,,,,,
any,2484,3.395151592,,,,,
wonderful,133,2.123851641,,,,,
speed,13,1.113943352,,,,,
switch,138,2.139879086,,,,,
bullet,6,0.77815125,,,,,
trace,8,0.903089987,,,,,
swinging,72,1.857332496,,,,,
gun,120,2.079181246,,,,,
rhyme,20,1.301029996,,,,,
difficult,30,1.477121255,,,,,
lookout,2,0.301029996,,,,,
promise,34,1.531478917,,,,,
king,184,2.264817823,,,,,
moon,248,2.394451681,,,,,
girl,2400,3.380211242,,,,,
inventor,0,0,,,,,
nest,80,1.903089987,,,,,
whiskers,59,1.770852012,,,,,
vine,7,0.84509804,,,,,
shotgun,0,0,,,,,
teach,100,2,,,,,
care,325,2.511883361,,,,,
middle,217,2.336459734,,,,,
you,140104,5.146450535,,,,,
buggy,25,1.397940009,,,,,
choir,1,0,,,,,
nice,3577,3.55351894,,,,,
score,4,0.602059991,,,,,
hound,8,0.903089987,,,,,
spring,56,1.748188027,,,,,
fantastic,19,1.278753601,,,,,
taxi,45,1.653212514,,,,,
left-hand,0,0,,,,,
he,17022,4.231010586,,,,,
touch,605,2.781755375,,,,,
shaking,74,1.86923172,,,,,
stuck,570,2.755874856,,,,,
cap,47,1.672097858,,,,,
chase,64,1.806179974,,,,,
held,46,1.662757832,,,,,
rattlesnake,4,0.602059991,,,,,
maybe,2632,3.420285885,,,,,
diver,5,0.698970004,,,,,
boom,696,2.84260924,,,,,
helicopter,94,1.973127854,,,,,
base,16,1.204119983,,,,,
well,8530,3.930949031,,,,,
colorful,11,1.041392685,,,,,
got,7422,3.87052095,,,,,
librarian,5,0.698970004,,,,,
this,26110,4.416806872,,,,,
hot,1105,3.043362278,,,,,
message,30,1.477121255,,,,,
uniform,14,1.146128036,,,,,
dry,525,2.720159303,,,,,
shoot,145,2.161368002,,,,,
soggy,6,0.77815125,,,,,
flame,0,0,,,,,
kettle,17,1.230448921,,,,,
oar,5,0.698970004,,,,,
born,119,2.075546961,,,,,
snap,227,2.356025857,,,,,
screen,35,1.544068044,,,,,
bloom,2,0.301029996,,,,,
list,61,1.785329835,,,,,
steel,2,0.301029996,,,,,
catcher,5,0.698970004,,,,,
test,26,1.414973348,,,,,
fright,1,0,,,,,
ax,37,1.568201724,,,,,
cooking,143,2.155336037,,,,,
furry,16,1.204119983,,,,,
scared,298,2.474216264,,,,,
freckles,2,0.301029996,,,,,
routine,7,0.84509804,,,,,
tear,159,2.201397124,,,,,
parachute,10,1,,,,,
discussion,8,0.903089987,,,,,
pierce,2,0.301029996,,,,,
loot,0,0,,,,,
umpire,0,0,,,,,
college,21,1.322219295,,,,,
kiss,922,2.964730921,,,,,
cactus,20,1.301029996,,,,,
punch,107,2.029383778,,,,,
collection,13,1.113943352,,,,,
badly,13,1.113943352,,,,,
class,93,1.968482949,,,,,
ham,41,1.612783857,,,,,
seventh,21,1.322219295,,,,,
fancy,47,1.672097858,,,,,
kit,96,1.982271233,,,,,
usually,282,2.450249108,,,,,
gymnasium,0,0,,,,,
brook,6,0.77815125,,,,,
lighter,14,1.146128036,,,,,
between,101,2.004321374,,,,,
pine,33,1.51851394,,,,,
ranch,9,0.954242509,,,,,
scare,113,2.053078443,,,,,
dropping,25,1.397940009,,,,,
plans,15,1.176091259,,,,,
grown-up,0,0,,,,,
sprout,2,0.301029996,,,,,
under,961,2.982723388,,,,,
drag,11,1.041392685,,,,,
tube,23,1.361727836,,,,,
cotton,36,1.556302501,,,,,
dying,14,1.146128036,,,,,
handsome,76,1.880813592,,,,,
parrot,35,1.544068044,,,,,
decide,66,1.819543936,,,,,
snug,8,0.903089987,,,,,
iron,111,2.045322979,,,,,
aloud,2,0.301029996,,,,,
racer,1,0,,,,,
pan,124,2.093421685,,,,,
rang,12,1.079181246,,,,,
hugged,16,1.204119983,,,,,
catch,535,2.728353782,,,,,
cent,10,1,,,,,
following,33,1.51851394,,,,,
kangaroo,177,2.247973266,,,,,
pretend,490,2.69019608,,,,,
passing,2,0.301029996,,,,,
farther,19,1.278753601,,,,,
storeroom,0,0,,,,,
blown,14,1.146128036,,,,,
canal,20,1.301029996,,,,,
everyday,46,1.662757832,,,,,
neighborhood,26,1.414973348,,,,,
navy,10,1,,,,,
line,203,2.307496038,,,,,
beard,80,1.903089987,,,,,
pony,128,2.10720997,,,,,
when,5506,3.740836207,,,,,
rancher,0,0,,,,,
striped,18,1.255272505,,,,,
file,8,0.903089987,,,,,
lazily,0,0,,,,,
hour,128,2.10720997,,,,,
blossom,0,0,,,,,
report,3,0.477121255,,,,,
sum,0,0,,,,,
band,73,1.86332286,,,,,
explain,34,1.531478917,,,,,
brought,336,2.526339277,,,,,
meaning,7,0.84509804,,,,,
nearby,14,1.146128036,,,,,
length,7,0.84509804,,,,,
equipment,15,1.176091259,,,,,
baker,33,1.51851394,,,,,
jug,37,1.568201724,,,,,
lab,8,0.903089987,,,,,
magazine,121,2.08278537,,,,,
plow,14,1.146128036,,,,,
swamp,3,0.477121255,,,,,
bud,50,1.698970004,,,,,
fort,10,1,,,,,
downstairs,366,2.563481085,,,,,
twig,0,0,,,,,
patient,30,1.477121255,,,,,
record,231,2.36361198,,,,,
thump,12,1.079181246,,,,,
silver,24,1.380211242,,,,,
picnic,116,2.064457989,,,,,
mushroom,38,1.579783597,,,,,
knowing,3,0.477121255,,,,,
afraid,224,2.350248018,,,,,
AM,873,2.941014244,,,,,
hike,30,1.477121255,,,,,
measure,34,1.531478917,,,,,
impatient,6,0.77815125,,,,,
cliff,20,1.301029996,,,,,
tumble,20,1.301029996,,,,,
limp,0,0,,,,,
velvet,2,0.301029996,,,,,
feast,3,0.477121255,,,,,
thought,1208,3.082066934,,,,,
weigh,23,1.361727836,,,,,
treat,70,1.84509804,,,,,
years,182,2.260071388,,,,,
especially,31,1.491361694,,,,,
splash,165,2.217483944,,,,,
chunk,6,0.77815125,,,,,
recipe,11,1.041392685,,,,,
farmer,159,2.201397124,,,,,
greenhouse,0,0,,,,,
dugout,0,0,,,,,
attend,0,0,,,,,
pressure,6,0.77815125,,,,,
chimney,110,2.041392685,,,,,
supposed,110,2.041392685,,,,,
upside,325,2.511883361,,,,,
horn,147,2.167317335,,,,,
road,272,2.434568904,,,,,
chart,10,1,,,,,
fail,5,0.698970004,,,,,
jealous,13,1.113943352,,,,,
cone,77,1.886490725,,,,,
ugly,90,1.954242509,,,,,
tug,5,0.698970004,,,,,
cost,61,1.785329835,,,,,
shears,3,0.477121255,,,,,
free,85,1.929418926,,,,,
city,116,2.064457989,,,,,
explorer,0,0,,,,,
ditch,6,0.77815125,,,,,
halfway,12,1.079181246,,,,,
lettuce,115,2.06069784,,,,,
skill,1,0,,,,,
violet,18,1.255272505,,,,,
quit,117,2.068185862,,,,,
swear,3,0.477121255,,,,,
cod,5,0.698970004,,,,,
pickle,44,1.643452676,,,,,
eyed,5,0.698970004,,,,,
dribble,6,0.77815125,,,,,
garage,193,2.285557309,,,,,
liquid,9,0.954242509,,,,,
rope,120,2.079181246,,,,,
strip,6,0.77815125,,,,,
woolen,0,0,,,,,
barley,8,0.903089987,,,,,
cough,133,2.123851641,,,,,
worm,89,1.949390007,,,,,
rink,3,0.477121255,,,,,
chance,66,1.819543936,,,,,
wizard,10,1,,,,,
junior,2,0.301029996,,,,,
hall,66,1.819543936,,,,,
hers,71,1.851258349,,,,,
author,0,0,,,,,
then,5482,3.738939031,,,,,
spoke,5,0.698970004,,,,,
sink,189,2.276461804,,,,,
trot,14,1.146128036,,,,,
washer,10,1,,,,,
stole,32,1.505149978,,,,,
arriving,5,0.698970004,,,,,
carve,12,1.079181246,,,,,
riddle,1,0,,,,,
stretcher,0,0,,,,,
either,484,2.684845362,,,,,
rode,48,1.681241237,,,,,
else,3619,3.558588583,,,,,
can,18968,4.278021541,,,,,
worn,19,1.278753601,,,,,
flag,44,1.643452676,,,,,
consider,7,0.84509804,,,,,
furiously,0,0,,,,,
hint,70,1.84509804,,,,,
letter,407,2.609594409,,,,,
golden,31,1.491361694,,,,,
spit,166,2.220108088,,,,,
touchdown,0,0,,,,,
basket,387,2.587710965,,,,,
capital,2,0.301029996,,,,,
became,18,1.255272505,,,,,
poison,12,1.079181246,,,,,
disturb,6,0.77815125,,,,,
mud,112,2.049218023,,,,,
receive,6,0.77815125,,,,,
card,237,2.374748346,,,,,
service,24,1.380211242,,,,,
candy,300,2.477121255,,,,,
drawer,183,2.26245109,,,,,
admit,9,0.954242509,,,,,
fish,1208,3.082066934,,,,,
such,475,2.67669361,,,,,
rid,71,1.851258349,,,,,
sympathy,1,0,,,,,
shelf,89,1.949390007,,,,,
park,378,2.5774918,,,,,
lively,1,0,,,,,
tail,493,2.692846919,,,,,
ashore,0,0,,,,,
chain,27,1.431363764,,,,,
feather,36,1.556302501,,,,,
splendid,4,0.602059991,,,,,
lollipop,61,1.785329835,,,,,
blame,15,1.176091259,,,,,
apiece,1,0,,,,,
during,53,1.72427587,,,,,
boy,3671,3.564784385,,,,,
tender,5,0.698970004,,,,,
beaten,2,0.301029996,,,,,
recall,2,0.301029996,,,,,
Friend,528,2.722633923,,,,,
known,23,1.361727836,,,,,
freedom,7,0.84509804,,,,,
bacon,68,1.832508913,,,,,
guilty,5,0.698970004,,,,,
restless,4,0.602059991,,,,,
express,7,0.84509804,,,,,
worth,15,1.176091259,,,,,
balloon,375,2.574031268,,,,,
block,406,2.608526034,,,,,
ankle,7,0.84509804,,,,,
salad,92,1.963787827,,,,,
neck,310,2.491361694,,,,,
fool,22,1.342422681,,,,,
mattress,34,1.531478917,,,,,
fairly,7,0.84509804,,,,,
watchman,0,0,,,,,
flower,372,2.57054294,,,,,
guilt,0,0,,,,,
photograph,5,0.698970004,,,,,
emperor,0,0,,,,,
pot,265,2.423245874,,,,,
dishes,169,2.227886705,,,,,
eye,525,2.720159303,,,,,
dress,421,2.624282096,,,,,
while,963,2.983626287,,,,,
lunch,802,2.904174368,,,,,
sweater,139,2.1430148,,,,,
mile,3,0.477121255,,,,,
thus,0,0,,,,,
graduate,2,0.301029996,,,,,
computer,92,1.963787827,,,,,
costs,21,1.322219295,,,,,
gift,23,1.361727836,,,,,
stout,5,0.698970004,,,,,
deny,3,0.477121255,,,,,
carrots,155,2.190331698,,,,,
hickory,5,0.698970004,,,,,
government,0,0,,,,,
knee,156,2.193124598,,,,,
meanwhile,8,0.903089987,,,,,
mirror,350,2.544068044,,,,,
shirt,766,2.88422877,,,,,
snack,130,2.113943352,,,,,
bubbles,203,2.307496038,,,,,
daddy,4654,3.667826379,,,,,
paper,1292,3.111262514,,,,,
grass,323,2.509202522,,,,,
bike,271,2.432969291,,,,,
sock,269,2.42975228,,,,,
frank,34,1.531478917,,,,,
breakfast,859,2.933993164,,,,,
plate,314,2.496929648,,,,,
five,951,2.978180517,,,,,
sky,239,2.378397901,,,,,
slacks,20,1.301029996,,,,,
move,1002,3.000867722,,,,,
off,4939,3.693639026,,,,,
make-believe,0,0,,,,,
try,1883,3.27485032,,,,,
others,69,1.838849091,,,,,
mine,622,2.793790385,,,,,
ask,776,2.889861721,,,,,
braille,0,0,,,,,
lines,71,1.851258349,,,,,
pull,1270,3.103803721,,,,,
sang,34,1.531478917,,,,,
snowy,18,1.255272505,,,,,
scream,82,1.913813852,,,,,
extra,51,1.707570176,,,,,
thirsty,223,2.348304863,,,,,
slow,154,2.187520721,,,,,
tonight,486,2.686636269,,,,,
talk,1741,3.240798771,,,,,
skunk,55,1.740362689,,,,,
touched,32,1.505149978,,,,,
ma,32,1.505149978,,,,,
leave,1121,3.049605613,,,,,
turn around,0,0,,,,,
thunder,31,1.491361694,,,,,
hippopotamus,76,1.880813592,,,,,
twist,35,1.544068044,,,,,
wink,8,0.903089987,,,,,
grassy,2,0.301029996,,,,,
bear,1218,3.085647288,,,,,
thank,760,2.880813592,,,,,
bleed,10,1,,,,,
sorry,831,2.919601024,,,,,
cook,296,2.471291711,,,,,
spaceship,24,1.380211242,,,,,
cross,80,1.903089987,,,,,
collect,14,1.146128036,,,,,
gentle,143,2.155336037,,,,,
officer,5,0.698970004,,,,,
together,1088,3.036628895,,,,,
shout,27,1.431363764,,,,,
purr,47,1.672097858,,,,,
twenty,294,2.46834733,,,,,
trying,1066,3.027757205,,,,,
bar,46,1.662757832,,,,,
cover,269,2.42975228,,,,,
honest,3,0.477121255,,,,,
winning,6,0.77815125,,,,,
soon,447,2.650307523,,,,,
whale,117,2.068185862,,,,,
life,91,1.959041392,,,,,
awake,90,1.954242509,,,,,
hippo,73,1.86332286,,,,,
sniff,8,0.903089987,,,,,
threw,232,2.365487985,,,,,
clang,7,0.84509804,,,,,
crunch,34,1.531478917,,,,,
tight,167,2.222716471,,,,,
autumn,4,0.602059991,,,,,
away,2550,3.40654018,,,,,
crane,17,1.230448921,,,,,
name,2219,3.346157302,,,,,
eat,4820,3.683047038,,,,,
plugged,26,1.414973348,,,,,
barber,30,1.477121255,,,,,
pudding,84,1.924279286,,,,,
thinking,292,2.465382851,,,,,
please,1888,3.27600199,,,,,
broken,549,2.739572344,,,,,
coming,1180,3.071882007,,,,,
hardware,1,0,,,,,
castle,92,1.963787827,,,,,
flat,90,1.954242509,,,,,
running,335,2.525044807,,,,,
sideways,22,1.342422681,,,,,
sour,25,1.397940009,,,,,
flea,6,0.77815125,,,,,
hurt,1428,3.154728207,,,,,
hung,36,1.556302501,,,,,
camp,27,1.431363764,,,,,
ship,74,1.86923172,,,,,
detective,5,0.698970004,,,,,
there,21528,4.333003685,,,,,
supermarket,12,1.079181246,,,,,
blue,1274,3.105169428,,,,,
buy,818,2.912753304,,,,,
fig,5,0.698970004,,,,,
imagine,27,1.431363764,,,,,
barnyard,5,0.698970004,,,,,
grocery,83,1.919078092,,,,,
snake,282,2.450249108,,,,,
bald,19,1.278753601,,,,,
conversation,27,1.431363764,,,,,
canned,1,0,,,,,
fire,510,2.707570176,,,,,
giving,254,2.404833717,,,,,
poodle,29,1.462397998,,,,,
auditorium,0,0,,,,,
frighten,8,0.903089987,,,,,
careful,1131,3.053462605,,,,,
porcupine,30,1.477121255,,,,,
hive,6,0.77815125,,,,,
statue,44,1.643452676,,,,,
opener,14,1.146128036,,,,,
press,143,2.155336037,,,,,
kicks,17,1.230448921,,,,,
fireplace,32,1.505149978,,,,,
dug,9,0.954242509,,,,,
patch,26,1.414973348,,,,,
granny,64,1.806179974,,,,,
cool,593,2.773054693,,,,,
foil,2,0.301029996,,,,,
suck,55,1.740362689,,,,,
top,1227,3.088844563,,,,,
joking,8,0.903089987,,,,,
pit,20,1.301029996,,,,,
vest,12,1.079181246,,,,,
cleaner,88,1.944482672,,,,,
liver,11,1.041392685,,,,,
other,3235,3.509874285,,,,,
unload,10,1,,,,,
teakettle,5,0.698970004,,,,,
agree,27,1.431363764,,,,,
visitor,5,0.698970004,,,,,
gong,2,0.301029996,,,,,
science,19,1.278753601,,,,,
swung,0,0,,,,,
warning,5,0.698970004,,,,,
die,77,1.886490725,,,,,
straighten,34,1.531478917,,,,,
mash,93,1.968482949,,,,,
tore,34,1.531478917,,,,,
beast,10,1,,,,,
cabbage,24,1.380211242,,,,,
nervous,20,1.301029996,,,,,
serious,52,1.716003344,,,,,
image,0,0,,,,,
lump,15,1.176091259,,,,,
submarine,2,0.301029996,,,,,
reader,4,0.602059991,,,,,
slice,27,1.431363764,,,,,
cold,1097,3.040206628,,,,,
want,11262,4.051615523,,,,,
van,71,1.851258349,,,,,
understood,13,1.113943352,,,,,
bushy,13,1.113943352,,,,,
hopped,11,1.041392685,,,,,
ouch,220,2.342422681,,,,,
skater,2,0.301029996,,,,,
moose,42,1.62324929,,,,,
beak,22,1.342422681,,,,,
pastry,0,0,,,,,
bank,67,1.826074803,,,,,
sawdust,4,0.602059991,,,,,
wake,309,2.489958479,,,,,
fit,817,2.912222057,,,,,
pliers,73,1.86332286,,,,,
breast,16,1.204119983,,,,,
interested,72,1.857332496,,,,,
hoop,11,1.041392685,,,,,
time,3171,3.501196242,,,,,
windowsill,6,0.77815125,,,,,
boss,8,0.903089987,,,,,
enjoy,33,1.51851394,,,,,
musician,5,0.698970004,,,,,
chipmunk,3,0.477121255,,,,,
freeze,28,1.447158031,,,,,
sob,0,0,,,,,
chat,7,0.84509804,,,,,
realize,28,1.447158031,,,,,
ad,6,0.77815125,,,,,
crazy,197,2.294466226,,,,,
knit,12,1.079181246,,,,,
remove,6,0.77815125,,,,,
shore,22,1.342422681,,,,,
suit,96,1.982271233,,,,,
step,222,2.346352974,,,,,
invite,48,1.681241237,,,,,
village,84,1.924279286,,,,,
at,9828,3.992465148,,,,,
smoke,127,2.103803721,,,,,
cowboy,207,2.315970345,,,,,
post,39,1.591064607,,,,,
rich,28,1.447158031,,,,,
address,17,1.230448921,,,,,
perfect,57,1.755874856,,,,,
bill,81,1.908485019,,,,,
normal,14,1.146128036,,,,,
frozen,15,1.176091259,,,,,
sunshine,46,1.662757832,,,,,
caterpillar,63,1.799340549,,,,,
yellow,1065,3.027349608,,,,,
lesson,14,1.146128036,,,,,
health,6,0.77815125,,,,,
steep,9,0.954242509,,,,,
tip,49,1.69019608,,,,,
flow,6,0.77815125,,,,,
tap,66,1.819543936,,,,,
theater,11,1.041392685,,,,,
grip,4,0.602059991,,,,,
goldfish,52,1.716003344,,,,,
plastic,119,2.075546961,,,,,
pole,81,1.908485019,,,,,
coffee,753,2.876794976,,,,,
packed,21,1.322219295,,,,,
bless,233,2.367355921,,,,,
jungle,44,1.643452676,,,,,
own,410,2.612783857,,,,,
someone,228,2.357934847,,,,,
thrown,22,1.342422681,,,,,
correctly,13,1.113943352,,,,,
collar,25,1.397940009,,,,,
drapes,4,0.602059991,,,,,
tray,142,2.152288344,,,,,
pain,12,1.079181246,,,,,
twinkle,68,1.832508913,,,,,
engine,193,2.285557309,,,,,
growl,17,1.230448921,,,,,
are,21932,4.341078237,,,,,
motorcycle,149,2.173186268,,,,,
football,142,2.152288344,,,,,
answer,117,2.068185862,,,,,
net,45,1.653212514,,,,,
pin,104,2.017033339,,,,,
best,383,2.583198774,,,,,
early,216,2.334453751,,,,,
bury,10,1,,,,,
were,3772,3.576571684,,,,,
crackle,3,0.477121255,,,,,
tan,14,1.146128036,,,,,
jet,14,1.146128036,,,,,
chose,25,1.397940009,,,,,
impossible,13,1.113943352,,,,,
guts,0,0,,,,,
oven,138,2.139879086,,,,,
bolt,87,1.939519253,,,,,
expect,20,1.301029996,,,,,
wilderness,0,0,,,,,
lawn,43,1.633468456,,,,,
sister,338,2.5289167,,,,,
porch,55,1.740362689,,,,,
sets,6,0.77815125,,,,,
underline,0,0,,,,,
canoe,11,1.041392685,,,,,
poke,45,1.653212514,,,,,
thief,12,1.079181246,,,,,
mate,1,0,,,,,
dictionary,18,1.255272505,,,,,
license,10,1,,,,,
towards,22,1.342422681,,,,,
reason,122,2.086359831,,,,,
sixty,24,1.380211242,,,,,
strings,37,1.568201724,,,,,
actor,6,0.77815125,,,,,
cure,4,0.602059991,,,,,
liar,4,0.602059991,,,,,
enemy,7,0.84509804,,,,,
borrow,51,1.707570176,,,,,
belt,104,2.017033339,,,,,
mole,6,0.77815125,,,,,
scarecrow,13,1.113943352,,,,,
sometime,101,2.004321374,,,,,
content,6,0.77815125,,,,,
terrified,2,0.301029996,,,,,
without,229,2.359835482,,,,,
if,6133,3.787672965,,,,,
port,0,0,,,,,
been,970,2.986771734,,,,,
aboard,13,1.113943352,,,,,
afterwards,37,1.568201724,,,,,
describe,8,0.903089987,,,,,
horned,4,0.602059991,,,,,
happen,393,2.59439255,,,,,
ahead,601,2.778874472,,,,,
marble,23,1.361727836,,,,,
rotten,6,0.77815125,,,,,
trash,165,2.217483944,,,,,
burst,2,0.301029996,,,,,
robin,205,2.311753861,,,,,
clump,2,0.301029996,,,,,
ticket,8,0.903089987,,,,,
damage,13,1.113943352,,,,,
which,1532,3.185258765,,,,,
almost,856,2.932473765,,,,,
fleet,3,0.477121255,,,,,
pork,13,1.113943352,,,,,
clever,41,1.612783857,,,,,
chap,2,0.301029996,,,,,
paw,15,1.176091259,,,,,
vote,8,0.903089987,,,,,
figure,126,2.100370545,,,,,
sank,6,0.77815125,,,,,
dare,13,1.113943352,,,,,
radio,93,1.968482949,,,,,
mother,600,2.77815125,,,,,
cellar,18,1.255272505,,,,,
woman,81,1.908485019,,,,,
being,540,2.73239376,,,,,
fact,77,1.886490725,,,,,
rather,112,2.049218023,,,,,
league,1,0,,,,,
fond,1,0,,,,,
saving,15,1.176091259,,,,,
club,31,1.491361694,,,,,
and,36350,4.560504415,,,,,
section,11,1.041392685,,,,,
itself,65,1.812913357,,,,,
shack,2,0.301029996,,,,,
sign,90,1.954242509,,,,,
click,61,1.785329835,,,,,
wise,12,1.079181246,,,,,
second,576,2.760422483,,,,,
skinny,31,1.491361694,,,,,
sling,0,0,,,,,
tow,44,1.643452676,,,,,
skinned,2,0.301029996,,,,,
traffic,33,1.51851394,,,,,
employer,0,0,,,,,
independent,6,0.77815125,,,,,
pleasant,5,0.698970004,,,,,
rear,9,0.954242509,,,,,
acre,0,0,,,,,
alongside,1,0,,,,,
lonesome,2,0.301029996,,,,,
sooner,12,1.079181246,,,,,
red-faced,0,0,,,,,
victory,3,0.477121255,,,,,
carpenter,16,1.204119983,,,,,
peas,118,2.071882007,,,,,
spoiled,12,1.079181246,,,,,
children,411,2.613841822,,,,,
common,11,1.041392685,,,,,
odd,15,1.176091259,,,,,
brag,0,0,,,,,
row,134,2.127104798,,,,,
sixteen,31,1.491361694,,,,,
axle,0,0,,,,,
eldest,2,0.301029996,,,,,
jeans,16,1.204119983,,,,,
stillness,0,0,,,,,
frisky,3,0.477121255,,,,,
moan,0,0,,,,,
belly button,0,0,,,,,
fur,98,1.991226076,,,,,
exactly,103,2.012837225,,,,,
people,1753,3.243781916,,,,,
risk,0,0,,,,,
starve,5,0.698970004,,,,,
mustard,27,1.431363764,,,,,
bobbed,0,0,,,,,
cheer,3,0.477121255,,,,,
power,28,1.447158031,,,,,
drown,13,1.113943352,,,,,
experience,9,0.954242509,,,,,
deal,77,1.886490725,,,,,
led,8,0.903089987,,,,,
northern,1,0,,,,,
hire,1,0,,,,,
alike,44,1.643452676,,,,,
shorts,78,1.892094603,,,,,
theirs,9,0.954242509,,,,,
intend,3,0.477121255,,,,,
arms,267,2.426511261,,,,,
mournful,0,0,,,,,
interview,6,0.77815125,,,,,
grace,12,1.079181246,,,,,
page,741,2.869818208,,,,,
pea,63,1.799340549,,,,,
soul,13,1.113943352,,,,,
headlines,0,0,,,,,
partly,6,0.77815125,,,,,
level,12,1.079181246,,,,,
floor,1200,3.079181246,,,,,
settlement,0,0,,,,,
sled,35,1.544068044,,,,,
having,516,2.712649702,,,,,
deaf,7,0.84509804,,,,,
thousands,2,0.301029996,,,,,
whoever,27,1.431363764,,,,,
money,789,2.897077003,,,,,
vapor,0,0,,,,,
broad,3,0.477121255,,,,,
indeed,28,1.447158031,,,,,
sir,96,1.982271233,,,,,
gonna,12629,4.101368963,,,,,
lock,83,1.919078092,,,,,
mat,22,1.342422681,,,,,
whether,66,1.819543936,,,,,
costume,56,1.748188027,,,,,
honey,2057,3.313234292,,,,,
garbage,175,2.243038049,,,,,
leaf,108,2.033423755,,,,,
wanna,11534,4.061979947,,,,,
surely,16,1.204119983,,,,,
beyond,11,1.041392685,,,,,
butcher,5,0.698970004,,,,,
truck,1445,3.159867847,,,,,
law,9,0.954242509,,,,,
necklace,69,1.838849091,,,,,
heave,0,0,,,,,
worthless,1,0,,,,,
mailbox,50,1.698970004,,,,,
luster,1,0,,,,,
helmet,54,1.73239376,,,,,
French fries,0,0,,,,,
freezer,29,1.462397998,,,,,
inning,1,0,,,,,
painting,121,2.08278537,,,,,
pollution,0,0,,,,,
drink,1272,3.104487111,,,,,
tend,8,0.903089987,,,,,
door,1423,3.1532049,,,,,
dreadful,4,0.602059991,,,,,
grant,4,0.602059991,,,,,
dad,332,2.521138084,,,,,
pizza,149,2.173186268,,,,,
strawberry,83,1.919078092,,,,,
rheumatism,0,0,,,,,
toothbrush,94,1.973127854,,,,,
I,43651,4.639994197,,,,,
yes,7928,3.899163641,,,,,
favorite,452,2.655138435,,,,,
she,8141,3.910677755,,,,,
flu,8,0.903089987,,,,,
bounce,238,2.376576957,,,,,
morning,1229,3.089551883,,,,,
cries,43,1.633468456,,,,,
wolves,1,0,,,,,
fold,120,2.079181246,,,,,
winner,21,1.322219295,,,,,
sun,366,2.563481085,,,,,
take,5655,3.752432609,,,,,
make,4986,3.697752274,,,,,
tasty,142,2.152288344,,,,,
her,5957,3.7750276,,,,,
silly,978,2.990338855,,,,,
speak,64,1.806179974,,,,,
drank,70,1.84509804,,,,,
full,361,2.557507202,,,,,
rush,19,1.278753601,,,,,
rainy,18,1.255272505,,,,,
shark,94,1.973127854,,,,,
auto,1,0,,,,,
soda,76,1.880813592,,,,,
carton,29,1.462397998,,,,,
write,922,2.964730921,,,,,
amazing,26,1.414973348,,,,,
rest,410,2.612783857,,,,,
kindly,4,0.602059991,,,,,
shopping,151,2.178976947,,,,,
year,315,2.498310554,,,,,
round,392,2.593286067,,,,,
zip,132,2.120573931,,,,,
feed,435,2.638489257,,,,,
princess,61,1.785329835,,,,,
one,16634,4.220996697,,,,,
useful,12,1.079181246,,,,,
eaten,77,1.886490725,,,,,
zebra,93,1.968482949,,,,,
copy,22,1.342422681,,,,,
farm,319,2.503790683,,,,,
husband,18,1.255272505,,,,,
him,5854,3.767452718,,,,,
turnip,2,0.301029996,,,,,
start,569,2.755112266,,,,,
fall,1146,3.059184618,,,,,
everyone,98,1.991226076,,,,,
rip,110,2.041392685,,,,,
long,1258,3.099680641,,,,,
honk,66,1.819543936,,,,,
wish,187,2.271841607,,,,,
stretch,32,1.505149978,,,,,
standing,288,2.459392488,,,,,
brown,460,2.662757832,,,,,
hook,174,2.240549248,,,,,
magician,8,0.903089987,,,,,
rocket,33,1.51851394,,,,,
babe,75,1.875061263,,,,,
Item,0,0,,,,,
sweet,384,2.584331224,,,,,
harm,2,0.301029996,,,,,
pickup,5,0.698970004,,,,,
find,2309,3.363423933,,,,,
married,60,1.77815125,,,,,
your,27851,4.444840793,,,,,
crocodile,80,1.903089987,,,,,
temperature,33,1.51851394,,,,,
handbag,0,0,,,,,
sheep,387,2.587710965,,,,,
bedside,0,0,,,,,
living,252,2.401400541,,,,,
peg,84,1.924279286,,,,,
or,4343,3.637789829,,,,,
heavy,350,2.544068044,,,,,
racket,21,1.322219295,,,,,
giraffe,194,2.28780173,,,,,
himself,187,2.271841607,,,,,
wrapped,35,1.544068044,,,,,
cage,108,2.033423755,,,,,
wonder,372,2.57054294,,,,,
runner,9,0.954242509,,,,,
excitement,2,0.301029996,,,,,
after,970,2.986771734,,,,,
marry,25,1.397940009,,,,,
lost,367,2.564666064,,,,,
wag,10,1,,,,,
wash,934,2.970346876,,,,,
blew,59,1.770852012,,,,,
shut,252,2.401400541,,,,,
high,474,2.675778342,,,,,
weekend,144,2.158362492,,,,,
word,444,2.64738297,,,,,
seal,80,1.903089987,,,,,
ink,48,1.681241237,,,,,
shelter,1,0,,,,,
parade,48,1.681241237,,,,,
trust,10,1,,,,,
bulb,18,1.255272505,,,,,
speech,8,0.903089987,,,,,
chop,40,1.602059991,,,,,
eagle,24,1.380211242,,,,,
grown,43,1.633468456,,,,,
goods,2,0.301029996,,,,,
huge,54,1.73239376,,,,,
ceiling,78,1.892094603,,,,,
yucky,211,2.324282455,,,,,
wild,85,1.929418926,,,,,
windy,40,1.602059991,,,,,
champion,0,0,,,,,
wet,733,2.865103975,,,,,
hotel,40,1.602059991,,,,,
wax,34,1.531478917,,,,,
arrow,31,1.491361694,,,,,
heard,336,2.526339277,,,,,
backwards,156,2.193124598,,,,,
rag,15,1.176091259,,,,,
lay,280,2.447158031,,,,,
solution,4,0.602059991,,,,,
strength,11,1.041392685,,,,,
wolf,111,2.045322979,,,,,
fell,1031,3.013258665,,,,,
frame,17,1.230448921,,,,,
lucky,98,1.991226076,,,,,
dump,287,2.457881897,,,,,
globe,15,1.176091259,,,,,
holder,25,1.397940009,,,,,
noun,3,0.477121255,,,,,
station,99,1.995635195,,,,,
toward,27,1.431363764,,,,,
spread,50,1.698970004,,,,,
furs,1,0,,,,,
once,309,2.489958479,,,,,
relax,21,1.322219295,,,,,
sons,5,0.698970004,,,,,
wow,1258,3.099680641,,,,,
canary,0,0,,,,,
recognize,30,1.477121255,,,,,
singer,4,0.602059991,,,,,
wrap,80,1.903089987,,,,,
around,2257,3.353531559,,,,,
taking,570,2.755874856,,,,,
fourteen,58,1.763427994,,,,,
rooster,246,2.390935107,,,,,
land,138,2.139879086,,,,,
meeting,45,1.653212514,,,,,
wounded,0,0,,,,,
proud,58,1.763427994,,,,,
mother-in-law,0,0,,,,,
trouble,251,2.399673721,,,,,
group,86,1.934498451,,,,,
close,1280,3.10720997,,,,,
lightning,25,1.397940009,,,,,
turtle,315,2.498310554,,,,,
alive,79,1.897627091,,,,,
unlock,13,1.113943352,,,,,
yolk,9,0.954242509,,,,,
blind,24,1.380211242,,,,,
different,729,2.862727528,,,,,
checkers,8,0.903089987,,,,,
none,102,2.008600172,,,,,
throne,1,0,,,,,
toss,5,0.698970004,,,,,
fat,233,2.367355921,,,,,
choose,85,1.929418926,,,,,
our,1394,3.144262774,,,,,
lift,138,2.139879086,,,,,
greet,1,0,,,,,
bigger,399,2.600972896,,,,,
stem,30,1.477121255,,,,,
penny,173,2.238046103,,,,,
swept,3,0.477121255,,,,,
through,983,2.992553518,,,,,
draw,967,2.985426474,,,,,
safety,13,1.113943352,,,,,
refreshing,0,0,,,,,
bran,11,1.041392685,,,,,
desert,28,1.447158031,,,,,
guess,975,2.989004616,,,,,
creature,14,1.146128036,,,,,
sentence,21,1.322219295,,,,,
paste,27,1.431363764,,,,,
painter,7,0.84509804,,,,,
senor,0,0,,,,,
ginger,35,1.544068044,,,,,
wagged,1,0,,,,,
pasture,16,1.204119983,,,,,
stormy,5,0.698970004,,,,,
blonde,21,1.322219295,,,,,
thousand,17,1.230448921,,,,,
action,18,1.255272505,,,,,
season,17,1.230448921,,,,,
live,472,2.673941999,,,,,
roller,45,1.653212514,,,,,
lobster,63,1.799340549,,,,,
lamb,216,2.334453751,,,,,
arithmetic,0,0,,,,,
glad,221,2.344392274,,,,,
excuse,315,2.498310554,,,,,
flagpole,0,0,,,,,
success,2,0.301029996,,,,,
jay,13,1.113943352,,,,,
howl,0,0,,,,,
really,3017,3.47957531,,,,,
used,140,2.146128036,,,,,
booth,9,0.954242509,,,,,
explore,12,1.079181246,,,,,
movie,503,2.701567985,,,,,
experiment,13,1.113943352,,,,,
hunter,8,0.903089987,,,,,
receiver,3,0.477121255,,,,,
stocking,26,1.414973348,,,,,
stereo,5,0.698970004,,,,,
forward,45,1.653212514,,,,,
electric,16,1.204119983,,,,,
jammed,2,0.301029996,,,,,
polish,46,1.662757832,,,,,
business,26,1.414973348,,,,,
motor,80,1.903089987,,,,,
twins,28,1.447158031,,,,,
bit,1287,3.109578547,,,,,
cherry,34,1.531478917,,,,,
beetle,18,1.255272505,,,,,
railing,4,0.602059991,,,,,
cape,29,1.462397998,,,,,
skeleton,20,1.301029996,,,,,
subject,6,0.77815125,,,,,
spelling,25,1.397940009,,,,,
fang,0,0,,,,,
crab,32,1.505149978,,,,,
mister,429,2.632457292,,,,,
charcoal,3,0.477121255,,,,,
welcome,339,2.530199698,,,,,
cocoa,40,1.602059991,,,,,
conductor,12,1.079181246,,,,,
gentleman,6,0.77815125,,,,,
disgusted,3,0.477121255,,,,,
fountain,34,1.531478917,,,,,
audience,0,0,,,,,
easier,106,2.025305865,,,,,
hospital,158,2.198657087,,,,,
flop,7,0.84509804,,,,,
manager,2,0.301029996,,,,,
museum,127,2.103803721,,,,,
chemical,1,0,,,,,
store,754,2.877371346,,,,,
thirteen,58,1.763427994,,,,,
blacksmith,1,0,,,,,
mysterious,1,0,,,,,
rose,23,1.361727836,,,,,
hiss,6,0.77815125,,,,,
eighth,11,1.041392685,,,,,
fault,31,1.491361694,,,,,
point,124,2.093421685,,,,,
stitch,2,0.301029996,,,,,
torch,1,0,,,,,
guitar,107,2.029383778,,,,,
gym,20,1.301029996,,,,,
shadow,67,1.826074803,,,,,
seller,3,0.477121255,,,,,
dive,14,1.146128036,,,,,
marvelous,10,1,,,,,
command,2,0.301029996,,,,,
title,0,0,,,,,
skiing,21,1.322219295,,,,,
lid,105,2.021189299,,,,,
locker,3,0.477121255,,,,,
cave,45,1.653212514,,,,,
snail,56,1.748188027,,,,,
graduation,2,0.301029996,,,,,
slit,2,0.301029996,,,,,
fought,12,1.079181246,,,,,
poisonous,11,1.041392685,,,,,
terrible,116,2.064457989,,,,,
poetry,0,0,,,,,
steak,32,1.505149978,,,,,
pond,67,1.826074803,,,,,
against,82,1.913813852,,,,,
yarn,55,1.740362689,,,,,
tramp,17,1.230448921,,,,,
hay,85,1.929418926,,,,,
showing,95,1.977723605,,,,,
hamburger,93,1.968482949,,,,,
soar,0,0,,,,,
coldly,0,0,,,,,
turkey,232,2.365487985,,,,,
weave,1,0,,,,,
microphone,534,2.727541257,,,,,
vitamins,53,1.72427587,,,,,
steady,9,0.954242509,,,,,
cavity,2,0.301029996,,,,,
minute,1317,3.119585775,,,,,
polite,31,1.491361694,,,,,
dam,15,1.176091259,,,,,
flash,16,1.204119983,,,,,
stair,11,1.041392685,,,,,
bridge,208,2.318063335,,,,,
dent,2,0.301029996,,,,,
spade,2,0.301029996,,,,,
breeze,28,1.447158031,,,,,
brand,23,1.361727836,,,,,
lamp,55,1.740362689,,,,,
stiff,11,1.041392685,,,,,
approve,0,0,,,,,
outline,1,0,,,,,
crowded,30,1.477121255,,,,,
dipper,0,0,,,,,
thankful,0,0,,,,,
dime,26,1.414973348,,,,,
robot,27,1.431363764,,,,,
spirit,11,1.041392685,,,,,
sack,40,1.602059991,,,,,
log,35,1.544068044,,,,,
type,77,1.886490725,,,,,
secretary,2,0.301029996,,,,,
musket,0,0,,,,,
swap,1,0,,,,,
vet,3,0.477121255,,,,,
brownie,14,1.146128036,,,,,
counter,49,1.69019608,,,,,
whirlwind,1,0,,,,,
closet,175,2.243038049,,,,,
discuss,11,1.041392685,,,,,
minutes,352,2.546542663,,,,,
month,60,1.77815125,,,,,
taken,72,1.857332496,,,,,
application,1,0,,,,,
bully,10,1,,,,,
chops,13,1.113943352,,,,,
steam,25,1.397940009,,,,,
assembly,0,0,,,,,
skate,10,1,,,,,
forever,43,1.633468456,,,,,
pool,248,2.394451681,,,,,
servant,4,0.602059991,,,,,
inner,4,0.602059991,,,,,
is,39573,4.597398975,,,,,
relief,6,0.77815125,,,,,
graph,0,0,,,,,
room,1339,3.126780577,,,,,
medicine,285,2.45484486,,,,,
chief,18,1.255272505,,,,,
kingdom,5,0.698970004,,,,,
resist,2,0.301029996,,,,,
barely,10,1,,,,,
lazy,27,1.431363764,,,,,
paid,18,1.255272505,,,,,
rare,3,0.477121255,,,,,
fence,236,2.372912003,,,,,
even,850,2.929418926,,,,,
stagecoach,0,0,,,,,
certainly,86,1.934498451,,,,,
luck,26,1.414973348,,,,,
throat,95,1.977723605,,,,,
seen,533,2.726727209,,,,,
upon,58,1.763427994,,,,,
makeup,9,0.954242509,,,,,
nick,19,1.278753601,,,,,
enchanted,0,0,,,,,
factories,0,0,,,,,
elevator,45,1.653212514,,,,,
tool,68,1.832508913,,,,,
hitch,7,0.84509804,,,,,
roger,2,0.301029996,,,,,
brisk,0,0,,,,,
engaged,3,0.477121255,,,,,
than,617,2.790285164,,,,,
course,138,2.139879086,,,,,
pure,3,0.477121255,,,,,
cruel,3,0.477121255,,,,,
coat,197,2.294466226,,,,,
tire,136,2.133538908,,,,,
south,18,1.255272505,,,,,
bookcase,35,1.544068044,,,,,
main,17,1.230448921,,,,,
so,9761,3.989494313,,,,,
loaded,7,0.84509804,,,,,
whaling,0,0,,,,,
landlord,0,0,,,,,
naturally,3,0.477121255,,,,,
eyebrow,17,1.230448921,,,,,
flashlight,41,1.612783857,,,,,
furious,2,0.301029996,,,,,
downward,5,0.698970004,,,,,
tummy,360,2.556302501,,,,,
dinner,700,2.84509804,,,,,
their,1095,3.039414119,,,,,
bathing,30,1.477121255,,,,,
editor,1,0,,,,,
master,25,1.397940009,,,,,
sausage,19,1.278753601,,,,,
mostly,43,1.633468456,,,,,
deck,16,1.204119983,,,,,
camera,95,1.977723605,,,,,
doorstep,2,0.301029996,,,,,
garden,207,2.315970345,,,,,
doctor,466,2.668385917,,,,,
awhile,50,1.698970004,,,,,
toaster,35,1.544068044,,,,,
cards,135,2.130333768,,,,,
nerve,3,0.477121255,,,,,
nails,70,1.84509804,,,,,
dull,5,0.698970004,,,,,
mommy,6346,3.802500068,,,,,
shelves,12,1.079181246,,,,,
groceries,86,1.934498451,,,,,
beam,12,1.079181246,,,,,
since,254,2.404833717,,,,,
an,2704,3.432006687,,,,,
ancient,4,0.602059991,,,,,
sneakers,52,1.716003344,,,,,
jam,71,1.851258349,,,,,
cracker,174,2.240549248,,,,,
gingerbread,13,1.113943352,,,,,
stubborn,17,1.230448921,,,,,
milk,1844,3.265760917,,,,,
somewhat,5,0.698970004,,,,,
backyard,50,1.698970004,,,,,
bottle,919,2.963315511,,,,,
cheating,7,0.84509804,,,,,
way,3184,3.502973059,,,,,
scarf,33,1.51851394,,,,,
sofa,36,1.556302501,,,,,
tame,7,0.84509804,,,,,
glue,86,1.934498451,,,,,
underpan,0,0,,,,,
wagon,196,2.292256071,,,,,
car,3014,3.479143248,,,,,
dandelion,6,0.77815125,,,,,
staircase,1,0,,,,,
water,2531,3.403292145,,,,,
pretzel,40,1.602059991,,,,,
wage,0,0,,,,,
system,13,1.113943352,,,,,
shame,19,1.278753601,,,,,
notebook,9,0.954242509,,,,,
lemme,667,2.824125834,,,,,
paint,279,2.445604203,,,,,
rally,1,0,,,,,
pep,2,0.301029996,,,,,
popsicle,73,1.86332286,,,,,
napkin,147,2.167317335,,,,,
tooth,102,2.008600172,,,,,
kid,139,2.1430148,,,,,
tent,89,1.949390007,,,,,
tomato,89,1.949390007,,,,,
grandma,414,2.617000341,,,,,
slipper,79,1.897627091,,,,,
soap,247,2.392696953,,,,,
potato chip,0,0,,,,,
porter,3,0.477121255,,,,,
yogurt,152,2.181843588,,,,,
box,1509,3.17868924,,,,,
mittens,102,2.008600172,,,,,
rock,345,2.537819095,,,,,
toe,260,2.414973348,,,,,
foul,3,0.477121255,,,,,
blanket,552,2.741939078,,,,,
fork,145,2.161368002,,,,,
playground,75,1.875061263,,,,,
grandparents,3,0.477121255,,,,,
sandwich,317,2.501059262,,,,,
bicycle,148,2.170261715,,,,,
crayon,191,2.281033367,,,,,
mistress,5,0.698970004,,,,,
hello,1531,3.184975191,,,,,
throw,1507,3.178113252,,,,,
win,94,1.973127854,,,,,
see,19150,4.282168778,,,,,
colored,58,1.763427994,,,,,
roast,55,1.740362689,,,,,
chewing,99,1.995635195,,,,,
voice,145,2.161368002,,,,,
star,245,2.389166084,,,,,
dark,300,2.477121255,,,,,
end,583,2.765668555,,,,,
use,1388,3.142389466,,,,,
warm,316,2.499687083,,,,,
late,196,2.292256071,,,,,
three,1726,3.237040791,,,,,
witch,110,2.041392685,,,,,
fishing,101,2.004321374,,,,,
first,1749,3.242789809,,,,,
freezing,15,1.176091259,,,,,
burn,72,1.857332496,,,,,
us,1892,3.276921132,,,,,
ate,416,2.619093331,,,,,
question,153,2.184691431,,,,,
hidden,15,1.176091259,,,,,
sunrise,3,0.477121255,,,,,
dairy,15,1.176091259,,,,,
lady,604,2.781036939,,,,,
exciting,46,1.662757832,,,,,
backward,12,1.079181246,,,,,
broke,375,2.574031268,,,,,
why,6623,3.821054755,,,,,
heat,63,1.799340549,,,,,
play,5581,3.746712023,,,,,
grey,37,1.568201724,,,,,
funny,1489,3.172894698,,,,,
junk,47,1.672097858,,,,,
salty,18,1.255272505,,,,,
across,139,2.1430148,,,,,
clover,14,1.146128036,,,,,
dream,142,2.152288344,,,,,
follow,62,1.792391689,,,,,
wooden,37,1.568201724,,,,,
gone,616,2.789580712,,,,,
sitting,705,2.848189117,,,,,
washing,154,2.187520721,,,,,
drop,218,2.338456494,,,,,
loud,254,2.404833717,,,,,
closer,68,1.832508913,,,,,
beaver,25,1.397940009,,,,,
blizzard,0,0,,,,,
smelly,3,0.477121255,,,,,
tortoise,35,1.544068044,,,,,
floats,18,1.255272505,,,,,
nodded,3,0.477121255,,,,,
swam,32,1.505149978,,,,,
side,709,2.850646235,,,,,
catalog,2,0.301029996,,,,,
elm,0,0,,,,,
breathe,35,1.544068044,,,,,
doing,7010,3.845718018,,,,,
anywhere,162,2.209515015,,,,,
keep,1114,3.046885191,,,,,
secret,112,2.049218023,,,,,
know,12895,4.110421346,,,,,
simple,12,1.079181246,,,,,
smash,23,1.361727836,,,,,
oats,11,1.041392685,,,,,
tiptoe,2,0.301029996,,,,,
player,79,1.897627091,,,,,
dine,0,0,,,,,
everything,662,2.820857989,,,,,
stands,37,1.568201724,,,,,
now,11534,4.061979947,,,,,
quilt,14,1.146128036,,,,,
tops,24,1.380211242,,,,,
nephew,3,0.477121255,,,,,
feel,1006,3.002597981,,,,,
husky,0,0,,,,,
stew,24,1.380211242,,,,,
upset,73,1.86332286,,,,,
somebody,643,2.808210973,,,,,
cot,2,0.301029996,,,,,
actually,438,2.641474111,,,,,
chum,1,0,,,,,
add,45,1.653212514,,,,,
silence,9,0.954242509,,,,,
leather,12,1.079181246,,,,,
scary,182,2.260071388,,,,,
date,16,1.204119983,,,,,
get,15416,4.187971702,,,,,
cradle,66,1.819543936,,,,,
pass,45,1.653212514,,,,,
sneeze,45,1.653212514,,,,,
met,79,1.897627091,,,,,
wrong,791,2.898176483,,,,,
tricycle,66,1.819543936,,,,,
bumpy,55,1.740362689,,,,,
better,2105,3.3232521,,,,,
sight,13,1.113943352,,,,,
bird,887,2.94792362,,,,,
rule,37,1.568201724,,,,,
sick,410,2.612783857,,,,,
mice,78,1.892094603,,,,,
ashes,24,1.380211242,,,,,
bite,1197,3.07809415,,,,,
leader,7,0.84509804,,,,,
enormous,7,0.84509804,,,,,
farming,1,0,,,,,
one-fourth,0,0,,,,,
work,1291,3.110926242,,,,,
party,552,2.741939078,,,,,
special,371,2.56937391,,,,,
leopard,14,1.146128036,,,,,
medal,4,0.602059991,,,,,
stack,75,1.875061263,,,,,
worker,10,1,,,,,
fairy,35,1.544068044,,,,,
seek,27,1.431363764,,,,,
allowance,4,0.602059991,,,,,
in,29940,4.476251796,,,,,
most,157,2.195899652,,,,,
rail,3,0.477121255,,,,,
chopped,15,1.176091259,,,,,
argument,18,1.255272505,,,,,
wound,14,1.146128036,,,,,
siren,19,1.278753601,,,,,
prairie,3,0.477121255,,,,,
broom,121,2.08278537,,,,,
float,30,1.477121255,,,,,
need,2485,3.395326393,,,,,
misty,1,0,,,,,
into,1193,3.076640444,,,,,
firetruck,50,1.698970004,,,,,
inviting,6,0.77815125,,,,,
platform,3,0.477121255,,,,,
bright,93,1.968482949,,,,,
serve,42,1.62324929,,,,,
dummy,7,0.84509804,,,,,
loudspeaker,1,0,,,,,
neither,31,1.491361694,,,,,
lose,156,2.193124598,,,,,
mood,66,1.819543936,,,,,
to,39780,4.599664779,,,,,
ledge,7,0.84509804,,,,,
tailor,2,0.301029996,,,,,
dock,9,0.954242509,,,,,
wiggle,30,1.477121255,,,,,
thread,38,1.579783597,,,,,
waist,14,1.146128036,,,,,
will,3000,3.477121255,,,,,
saw,1017,3.007320953,,,,,
clue,7,0.84509804,,,,,
rim,1,0,,,,,
litter,12,1.079181246,,,,,
wobbly,31,1.491361694,,,,,
who,5372,3.730136004,,,,,
several,19,1.278753601,,,,,
continue,11,1.041392685,,,,,
forgotten,20,1.301029996,,,,,
river,129,2.11058971,,,,,
owner,5,0.698970004,,,,,
belong,138,2.139879086,,,,,
expensive,35,1.544068044,,,,,
maker,15,1.176091259,,,,,
coyote,8,0.903089987,,,,,
ninety,29,1.462397998,,,,,
heart,135,2.130333768,,,,,
spend,32,1.505149978,,,,,
evening,27,1.431363764,,,,,
frog,283,2.451786436,,,,,
package,52,1.716003344,,,,,
den,9,0.954242509,,,,,
trumpet,10,1,,,,,
soldier,49,1.69019608,,,,,
trip,202,2.305351369,,,,,
wobble,2,0.301029996,,,,,
cabin,14,1.146128036,,,,,
furnace,2,0.301029996,,,,,
nobody,213,2.328379603,,,,,
emergency,18,1.255272505,,,,,
dab,5,0.698970004,,,,,
weak,27,1.431363764,,,,,
dust,43,1.633468456,,,,,
island,21,1.322219295,,,,,
opening,66,1.819543936,,,,,
newsstand,0,0,,,,,
spy,3,0.477121255,,,,,
subway,22,1.342422681,,,,,
fireman,94,1.973127854,,,,,
gathering,1,0,,,,,
peak,3,0.477121255,,,,,
hope,351,2.545307116,,,,,
clearing,2,0.301029996,,,,,
yell,82,1.913813852,,,,,
came,939,2.972665592,,,,,
terrific,42,1.62324929,,,,,
damp,10,1,,,,,
makes,610,2.785329835,,,,,
manners,8,0.903089987,,,,,
salesman,1,0,,,,,
difference,60,1.77815125,,,,,
shell,81,1.908485019,,,,,
latch,13,1.113943352,,,,,
nail,83,1.919078092,,,,,
guide,2,0.301029996,,,,,
baggage,8,0.903089987,,,,,
journey,7,0.84509804,,,,,
pump,26,1.414973348,,,,,
spool,4,0.602059991,,,,,
alley,8,0.903089987,,,,,
awoke,1,0,,,,,
supplies,9,0.954242509,,,,,
grind,13,1.113943352,,,,,
project,17,1.230448921,,,,,
web,59,1.770852012,,,,,
plus,28,1.447158031,,,,,
thermometer,16,1.204119983,,,,,
unhappy,49,1.69019608,,,,,
attention,65,1.812913357,,,,,
women,22,1.342422681,,,,,
fried,5,0.698970004,,,,,
lonely,32,1.505149978,,,,,
travel,7,0.84509804,,,,,
age,47,1.672097858,,,,,
trail,4,0.602059991,,,,,
mouse,620,2.792391689,,,,,
dot,49,1.69019608,,,,,
fighter,14,1.146128036,,,,,
telephone,427,2.630427875,,,,,
verb,2,0.301029996,,,,,
enough,979,2.990782692,,,,,
order,75,1.875061263,,,,,
tricky,63,1.799340549,,,,,
area,13,1.113943352,,,,,
drugstore,10,1,,,,,
tease,13,1.113943352,,,,,
essay,0,0,,,,,
favor,24,1.380211242,,,,,
kept,81,1.908485019,,,,,
proper,20,1.301029996,,,,,
earn,4,0.602059991,,,,,
stream,25,1.397940009,,,,,
gave,668,2.824776462,,,,,
slam,26,1.414973348,,,,,
lit,9,0.954242509,,,,,
stage,14,1.146128036,,,,,
third,65,1.812913357,,,,,
prince,18,1.255272505,,,,,
argue,8,0.903089987,,,,,
young,66,1.819543936,,,,,
sewing,45,1.653212514,,,,,
crisp,3,0.477121255,,,,,
ends,23,1.361727836,,,,,
beauty,30,1.477121255,,,,,
crossing,34,1.531478917,,,,,
scooter,39,1.591064607,,,,,
gum,164,2.214843848,,,,,
should,2402,3.380573003,,,,,
gardener,0,0,,,,,
bunch,169,2.227886705,,,,,
speck,1,0,,,,,
delicate,6,0.77815125,,,,,
haul,5,0.698970004,,,,,
midnight,11,1.041392685,,,,,
single,24,1.380211242,,,,,
tar,6,0.77815125,,,,,
greedy,14,1.146128036,,,,,
thorn,7,0.84509804,,,,,
case,94,1.973127854,,,,,
temper,14,1.146128036,,,,,
ruin,25,1.397940009,,,,,
scraps,2,0.301029996,,,,,
landing,16,1.204119983,,,,,
circus,189,2.276461804,,,,,
winding,17,1.230448921,,,,,
clip,78,1.892094603,,,,,
admiral,0,0,,,,,
aunt,118,2.071882007,,,,,
usual,16,1.204119983,,,,,
further,42,1.62324929,,,,,
baking,27,1.431363764,,,,,
crop,0,0,,,,,
courage,1,0,,,,,
grateful,6,0.77815125,,,,,
schoolyard,1,0,,,,,
character,12,1.079181246,,,,,
graveyard,0,0,,,,,
fortune,3,0.477121255,,,,,
ninth,18,1.255272505,,,,,
stupid,60,1.77815125,,,,,
jar,89,1.949390007,,,,,
resources,0,0,,,,,
saddle,20,1.301029996,,,,,
lent,2,0.301029996,,,,,
ape,10,1,,,,,
army,56,1.748188027,,,,,
cutter,11,1.041392685,,,,,
preacher,1,0,,,,,
ferry,15,1.176091259,,,,,
halt,0,0,,,,,
cast,9,0.954242509,,,,,
peel,62,1.792391689,,,,,
stroller,86,1.934498451,,,,,
scrap,4,0.602059991,,,,,
pepper,93,1.968482949,,,,,
each,233,2.367355921,,,,,
gotta,1622,3.21005085,,,,,
instead,274,2.437750563,,,,,
somewhere,292,2.465382851,,,,,
study,41,1.612783857,,,,,
pinned,1,0,,,,,
library,80,1.903089987,,,,,
soil,2,0.301029996,,,,,
gully,0,0,,,,,
maid,9,0.954242509,,,,,
crumb,16,1.204119983,,,,,
lemon,81,1.908485019,,,,,
until,446,2.649334859,,,,,
peanut butter,0,0,,,,,
firelight,0,0,,,,,
stranger,3,0.477121255,,,,,
setting,18,1.255272505,,,,,
piano,109,2.037426498,,,,,
sold,22,1.342422681,,,,,
handlebars,8,0.903089987,,,,,
murder,7,0.84509804,,,,,
outfit,49,1.69019608,,,,,
sneaker,4,0.602059991,,,,,
beg,7,0.84509804,,,,,
combine,3,0.477121255,,,,,
beans,156,2.193124598,,,,,
possible,34,1.531478917,,,,,
shoemaker,9,0.954242509,,,,,
babies,605,2.781755375,,,,,
hatch,8,0.903089987,,,,,
ago,230,2.361727836,,,,,
dawn,7,0.84509804,,,,,
plot,1,0,,,,,
greens,12,1.079181246,,,,,
information,15,1.176091259,,,,,
among,9,0.954242509,,,,,
robbery,1,0,,,,,
knowledge,0,0,,,,,
ash,5,0.698970004,,,,,
avenue,6,0.77815125,,,,,
cheat,10,1,,,,,
metal,48,1.681241237,,,,,
forest,66,1.819543936,,,,,
concern,1,0,,,,,
worse,45,1.653212514,,,,,
lend,4,0.602059991,,,,,
ketchup,69,1.838849091,,,,,
cloth,66,1.819543936,,,,,
wall,297,2.472756449,,,,,
gabby,11,1.041392685,,,,,
narrow,18,1.255272505,,,,,
insect,5,0.698970004,,,,,
bunny,1136,3.055378331,,,,,
naming,3,0.477121255,,,,,
suppose,86,1.934498451,,,,,
keys,261,2.416640507,,,,,
dancer,31,1.491361694,,,,,
frosting,47,1.672097858,,,,,
clap,366,2.563481085,,,,,
lies,11,1.041392685,,,,,
judgment,0,0,,,,,
warn,6,0.77815125,,,,,
applesauce,152,2.181843588,,,,,
dough,83,1.919078092,,,,,
papers,51,1.707570176,,,,,
kitchen,517,2.713490543,,,,,
refrigerator,334,2.523746467,,,,,
gap,8,0.903089987,,,,,
least,109,2.037426498,,,,,
ground,177,2.247973266,,,,,
dale,43,1.633468456,,,,,
teeth,701,2.845718018,,,,,
faint,4,0.602059991,,,,,
owe,24,1.380211242,,,,,
TV,398,2.599883072,,,,,
perhaps,91,1.959041392,,,,,
shovel,103,2.012837225,,,,,
mom,613,2.787460475,,,,,
cowardly,0,0,,,,,
grape,110,2.041392685,,,,,
purpose,37,1.568201724,,,,,
funeral,12,1.079181246,,,,,
wood,224,2.350248018,,,,,
honor,0,0,,,,,
sauce,57,1.755874856,,,,,
coward,0,0,,,,,
swell,9,0.954242509,,,,,
poor,456,2.658964843,,,,,
court,8,0.903089987,,,,,
daring,5,0.698970004,,,,,
dear,411,2.613841822,,,,,
living room,0,0,,,,,
homer,0,0,,,,,
blur,0,0,,,,,
rain,301,2.478566496,,,,,
lame,1,0,,,,,
whom,56,1.748188027,,,,,
feet,1166,3.06669855,,,,,
per,3,0.477121255,,,,,
glasses,354,2.549003262,,,,,
dandy,13,1.113943352,,,,,
pocket,222,2.346352974,,,,,
straw,55,1.740362689,,,,,
shoulder,41,1.612783857,,,,,
madman,2,0.301029996,,,,,
driveway,23,1.361727836,,,,,
kitty,1883,3.27485032,,,,,
furniture,115,2.06069784,,,,,
awfully,77,1.886490725,,,,,
face,1064,3.026941628,,,,,
pancake,93,1.968482949,,,,,
slavery,0,0,,,,,
boot,71,1.851258349,,,,,
clothing,10,1,,,,,
book,3521,3.546666025,,,,,
bread,531,2.725094521,,,,,
agency,0,0,,,,,
pajamas,233,2.367355921,,,,,
on,26656,4.42579498,,,,,
day,1423,3.1532049,,,,,
number,362,2.558708571,,,,,
stopping,24,1.380211242,,,,,
red,1575,3.197280558,,,,,
up,14249,4.153784386,,,,,
nine,407,2.609594409,,,,,
loves,244,2.387389826,,,,,
laughter,0,0,,,,,
lion,445,2.648360011,,,,,
grizzly,2,0.301029996,,,,,
eats,145,2.161368002,,,,,
sad,347,2.540329475,,,,,
seven,530,2.72427587,,,,,
share,259,2.413299764,,,,,
hearts,16,1.204119983,,,,,
twice,29,1.462397998,,,,,
green,1125,3.051152522,,,,,
show,2072,3.316389751,,,,,
sweep,74,1.86923172,,,,,
thirty,186,2.269512944,,,,,
sub,1,0,,,,,
mopped,2,0.301029996,,,,,
both,554,2.743509765,,,,,
messy,151,2.178976947,,,,,
thank-you,0,0,,,,,
smile,143,2.155336037,,,,,
tiny,318,2.50242712,,,,,
indoor,1,0,,,,,
before,1112,3.046104787,,,,,
handkerchief,6,0.77815125,,,,,
taste,431,2.63447727,,,,,
writer,1,0,,,,,
song,641,2.80685803,,,,,
granddaughter,1,0,,,,,
squeak,138,2.139879086,,,,,
hear,1684,3.226342087,,,,,
uphill,6,0.77815125,,,,,
helpful,24,1.380211242,,,,,
believe,204,2.309630167,,,,,
cub,4,0.602059991,,,,,
bulldozer,71,1.851258349,,,,,
direction,30,1.477121255,,,,,
safe,76,1.880813592,,,,,
said,2419,3.383635868,,,,,
week,479,2.680335513,,,,,
biscuit,9,0.954242509,,,,,
stay,1120,3.049218023,,,,,
fresh,112,2.049218023,,,,,
grumpy,29,1.462397998,,,,,
mistake,80,1.903089987,,,,,
skull,3,0.477121255,,,,,
feeling,135,2.130333768,,,,,
kind,2346,3.370328008,,,,,
march,131,2.117271296,,,,,
kick,270,2.431363764,,,,,
bedtime,38,1.579783597,,,,,
cutting,113,2.053078443,,,,,
climb,312,2.494154594,,,,,
discover,5,0.698970004,,,,,
curious,30,1.477121255,,,,,
market,110,2.041392685,,,,,
pinch,60,1.77815125,,,,,
lower,21,1.322219295,,,,,
arrive,5,0.698970004,,,,,
grin,4,0.602059991,,,,,
spout,66,1.819543936,,,,,
me,15392,4.187295055,,,,,
silk,3,0.477121255,,,,,
banjo,37,1.568201724,,,,,
later,783,2.893761762,,,,,
learning,73,1.86332286,,,,,
reward,13,1.113943352,,,,,
seaweed,4,0.602059991,,,,,
pig,533,2.726727209,,,,,
pack,114,2.056904851,,,,,
farmhouse,12,1.079181246,,,,,
locomotive,17,1.230448921,,,,,
forget,256,2.408239965,,,,,
themselves,44,1.643452676,,,,,
owl,149,2.173186268,,,,,
puppy,417,2.620136055,,,,,
dead,131,2.117271296,,,,,
fever,23,1.361727836,,,,,
fourth,43,1.633468456,,,,,
palm,20,1.301029996,,,,,
wear,831,2.919601024,,,,,
think,10359,4.015317833,,,,,
yeah,20390,4.309417226,,,,,
sap,1,0,,,,,
winter,93,1.968482949,,,,,
relative,5,0.698970004,,,,,
papa,218,2.338456494,,,,,
silent,9,0.954242509,,,,,
elk,2,0.301029996,,,,,
hum,302,2.480006943,,,,,
overalls,41,1.612783857,,,,,
dried,61,1.785329835,,,,,
fix,966,2.984977126,,,,,
smoky,3,0.477121255,,,,,
customer,4,0.602059991,,,,,
duck,810,2.908485019,,,,,
shaggy,12,1.079181246,,,,,
check,291,2.463892989,,,,,
old,1064,3.026941628,,,,,
bother,69,1.838849091,,,,,
dollar,51,1.707570176,,,,,
pregnant,5,0.698970004,,,,,
overnight,16,1.204119983,,,,,
lighthouse,9,0.954242509,,,,,
stare,3,0.477121255,,,,,
mane,23,1.361727836,,,,,
grasshopper,19,1.278753601,,,,,
sweat,5,0.698970004,,,,,
oak,11,1.041392685,,,,,
told,554,2.743509765,,,,,
chin,144,2.158362492,,,,,
environment,4,0.602059991,,,,,
how,9647,3.984392279,,,,,
smooth,67,1.826074803,,,,,
skip,24,1.380211242,,,,,
bow,101,2.004321374,,,,,
rub,95,1.977723605,,,,,
flesh,0,0,,,,,
goal,13,1.113943352,,,,,
pat,260,2.414973348,,,,,
buffalo,17,1.230448921,,,,,
glass,288,2.459392488,,,,,
hooked,26,1.414973348,,,,,
appreciate,7,0.84509804,,,,,
covering,24,1.380211242,,,,,
fisherman,7,0.84509804,,,,,
truthful,0,0,,,,,
roar,52,1.716003344,,,,,
janitor,2,0.301029996,,,,,
nurse,89,1.949390007,,,,,
sundown,0,0,,,,,
vacation,107,2.029383778,,,,,
diaper,830,2.919078092,,,,,
jail,39,1.591064607,,,,,
peaceful,5,0.698970004,,,,,
Church,106,2.025305865,,,,,
guard,25,1.397940009,,,,,
stung,22,1.342422681,,,,,
hen,84,1.924279286,,,,,
problem,187,2.271841607,,,,,
whisper,50,1.698970004,,,,,
brain,21,1.322219295,,,,,
plaster,6,0.77815125,,,,,
eighteen,52,1.716003344,,,,,
divide,4,0.602059991,,,,,
roadside,0,0,,,,,
sparrow,5,0.698970004,,,,,
bonnet,6,0.77815125,,,,,
exit,5,0.698970004,,,,,
driver,163,2.212187604,,,,,
bare,9,0.954242509,,,,,
outlet,2,0.301029996,,,,,
froze,3,0.477121255,,,,,
lot,688,2.837588438,,,,,
sea,83,1.919078092,,,,,
rod,11,1.041392685,,,,,
light,991,2.996073654,,,,,
hop,304,2.482873584,,,,,
team,32,1.505149978,,,,,
waste,39,1.591064607,,,,,
lead,6,0.77815125,,,,,
magic,118,2.071882007,,,,,
plank,0,0,,,,,
raft,9,0.954242509,,,,,
classmate,0,0,,,,,
kite,73,1.86332286,,,,,
grasp,1,0,,,,,
plain,44,1.643452676,,,,,
music,263,2.419955748,,,,,
gull,2,0.301029996,,,,,
sense,56,1.748188027,,,,,
slap,6,0.77815125,,,,,
material,18,1.255272505,,,,,
push,1518,3.181271772,,,,,
training,22,1.342422681,,,,,
goat,110,2.041392685,,,,,
leading,1,0,,,,,
worry,103,2.012837225,,,,,
cooler,17,1.230448921,,,,,
childhood,0,0,,,,,
horrible,39,1.591064607,,,,,
raw,14,1.146128036,,,,,
mixer,32,1.505149978,,,,,
classroom,7,0.84509804,,,,,
valley,23,1.361727836,,,,,
hoof,1,0,,,,,
dislike,0,0,,,,,
mixed,60,1.77815125,,,,,
danger,17,1.230448921,,,,,
needs,475,2.67669361,,,,,
plenty,108,2.033423755,,,,,
crush,7,0.84509804,,,,,
gulp,3,0.477121255,,,,,
town,176,2.245512668,,,,,
aware,4,0.602059991,,,,,
glide,3,0.477121255,,,,,
flight,8,0.903089987,,,,,
about,6598,3.819412311,,,,,
that,45475,4.657772708,,,,,
purple,278,2.444044796,,,,,
outing,3,0.477121255,,,,,
colt,15,1.176091259,,,,,
powerful,8,0.903089987,,,,,
cash,93,1.968482949,,,,,
pad,59,1.770852012,,,,,
what,55057,4.740812543,,,,,
salt,151,2.178976947,,,,,
china,19,1.278753601,,,,,
aquarium,43,1.633468456,,,,,
sunflower,10,1,,,,,
hoe,26,1.414973348,,,,,
fin,12,1.079181246,,,,,
doorbell,20,1.301029996,,,,,
coloring,68,1.832508913,,,,,
seconds,26,1.414973348,,,,,
catching,37,1.568201724,,,,,
corporal,0,0,,,,,
jackal,0,0,,,,,
messenger,0,0,,,,,
set,442,2.645422269,,,,,
studio,3,0.477121255,,,,,
spill,216,2.334453751,,,,,
purse,210,2.322219295,,,,,
student,5,0.698970004,,,,,
tower,290,2.462397998,,,,,
quarter,70,1.84509804,,,,,
tenth,12,1.079181246,,,,,
person,254,2.404833717,,,,,
ponies,53,1.72427587,,,,,
substitute,1,0,,,,,
rude,17,1.230448921,,,,,
ache,22,1.342422681,,,,,
struck,52,1.716003344,,,,,
whip,11,1.041392685,,,,,
filling,17,1.230448921,,,,,
sheriff,9,0.954242509,,,,,
total,3,0.477121255,,,,,
was,9046,3.956456583,,,,,
fly,480,2.681241237,,,,,
bay,12,1.079181246,,,,,
arch,9,0.954242509,,,,,
skin,106,2.025305865,,,,,
curve,10,1,,,,,
hotter,5,0.698970004,,,,,
geese,72,1.857332496,,,,,
sneak,12,1.079181246,,,,,
poet,0,0,,,,,
riches,0,0,,,,,
scientist,1,0,,,,,
whatever,121,2.08278537,,,,,
zone,0,0,,,,,
roof,149,2.173186268,,,,,
dim,4,0.602059991,,,,,
claw,10,1,,,,,
dye,9,0.954242509,,,,,
mission,2,0.301029996,,,,,
shot,77,1.886490725,,,,,
notice,46,1.662757832,,,,,
loss,2,0.301029996,,,,,
fuel,12,1.079181246,,,,,
million,7,0.84509804,,,,,
unfriendly,0,0,,,,,
mystery,6,0.77815125,,,,,
handle,115,2.06069784,,,,,
mug,14,1.146128036,,,,,
firmly,1,0,,,,,
sped,1,0,,,,,
perch,1,0,,,,,
hammer,318,2.50242712,,,,,
train,1106,3.043755127,,,,,
mill,7,0.84509804,,,,,
blood,41,1.612783857,,,,,
drawing,228,2.357934847,,,,,
container,47,1.672097858,,,,,
rapids,0,0,,,,,
cat,1009,3.003891166,,,,,
still,1477,3.169380495,,,,,
letting,34,1.531478917,,,,,
bet,517,2.713490543,,,,,
carrier,10,1,,,,,
doorway,6,0.77815125,,,,,
fair,96,1.982271233,,,,,
unusual,20,1.301029996,,,,,
likely,6,0.77815125,,,,,
noon,11,1.041392685,,,,,
puppet,154,2.187520721,,,,,
weakly,0,0,,,,,
donut,8,0.903089987,,,,,
field,65,1.812913357,,,,,
sugar,283,2.451786436,,,,,
plane,201,2.303196057,,,,,
umbrella,172,2.235528447,,,,,
wherever,24,1.380211242,,,,,
string,231,2.36361198,,,,,
nowhere,24,1.380211242,,,,,
defend,2,0.301029996,,,,,
slightly,1,0,,,,,
understanding,5,0.698970004,,,,,
home,1783,3.251151343,,,,,
battery,80,1.903089987,,,,,
council,2,0.301029996,,,,,
rescue,44,1.643452676,,,,,
stock,7,0.84509804,,,,,
burro,2,0.301029996,,,,,
regular,64,1.806179974,,,,,
stale,6,0.77815125,,,,,
rusty,14,1.146128036,,,,,
whose,479,2.680335513,,,,,
clock,279,2.445604203,,,,,
forecast,0,0,,,,,
seldom,1,0,,,,,
poorly,0,0,,,,,
basement,49,1.69019608,,,,,
wicked,19,1.278753601,,,,,
however,8,0.903089987,,,,,
shilling,0,0,,,,,
puff,35,1.544068044,,,,,
gloomy,3,0.477121255,,,,,
slippers,87,1.939519253,,,,,
hole,541,2.733197265,,,,,
pollute,2,0.301029996,,,,,
willing,7,0.84509804,,,,,
dazzling,0,0,,,,,
old-time,0,0,,,,,
shall,1311,3.117602692,,,,,
heading,5,0.698970004,,,,,
bedroom,174,2.240549248,,,,,
central,5,0.698970004,,,,,
stairway,5,0.698970004,,,,,
mama,1916,3.282395505,,,,,
oatmeal,226,2.354108439,,,,,
harmless,1,0,,,,,
tissue,114,2.056904851,,,,,
skirt,62,1.792391689,,,,,
plump,1,0,,,,,
pumpkin,276,2.440909082,,,,,
patrol,4,0.602059991,,,,,
bed,1859,3.26927939,,,,,
rob,6,0.77815125,,,,,
streak,0,0,,,,,
toilet,122,2.086359831,,,,,
darling,77,1.886490725,,,,,
hardly,38,1.579783597,,,,,
cause,277,2.442479769,,,,,
bargain,5,0.698970004,,,,,
eyes,913,2.960470778,,,,,
school,1812,3.258158193,,,,,
cigar,5,0.698970004,,,,,
rent,10,1,,,,,
photo,2,0.301029996,,,,,
rice,148,2.170261715,,,,,
leg,462,2.664641976,,,,,
grand,11,1.041392685,,,,,
vegetable,56,1.748188027,,,,,
window,596,2.77524626,,,,,
pale,2,0.301029996,,,,,
pity,4,0.602059991,,,,,
glove,26,1.414973348,,,,,
popcorn,93,1.968482949,,,,,
sleek,1,0,,,,,
pioneer,0,0,,,,,
pillow,325,2.511883361,,,,,
tax,0,0,,,,,
dish,95,1.977723605,,,,,
lifeless,0,0,,,,,
apple,661,2.820201459,,,,,
mercy,5,0.698970004,,,,,
clothes,727,2.861534411,,,,,
elephant,595,2.774516966,,,,,
quack,358,2.553883027,,,,,
dining,31,1.491361694,,,,,
help,2195,3.341434525,,,,,
fuzzy,126,2.100370545,,,,,
excited,121,2.08278537,,,,,
lunchroom,0,0,,,,,
learn,328,2.515873844,,,,,
air,327,2.514547753,,,,,
yours,736,2.866877814,,,,,
zoom,217,2.336459734,,,,,
built,71,1.851258349,,,,,
drive,459,2.661812686,,,,,
hard,1338,3.126456113,,,,,
waiting,214,2.330413773,,,,,
lava,6,0.77815125,,,,,
here,21072,4.323705758,,,,,
peek,160,2.204119983,,,,,
remember,2622,3.418632687,,,,,
grow,222,2.346352974,,,,,
eight,380,2.579783597,,,,,
sides,55,1.740362689,,,,,
last,1087,3.036229544,,,,,
pal,50,1.698970004,,,,,
cable,4,0.602059991,,,,,
weed,2,0.301029996,,,,,
begin,18,1.255272505,,,,,
lying,133,2.123851641,,,,,
give,3492,3.543074235,,,,,
rags,1,0,,,,,
fender,2,0.301029996,,,,,
bang,607,2.783188691,,,,,
lovely,39,1.591064607,,,,,
crown,26,1.414973348,,,,,
ladies,54,1.73239376,,,,,
dig,90,1.954242509,,,,,
surface,6,0.77815125,,,,,
curl,27,1.431363764,,,,,
men,210,2.322219295,,,,,
rider,14,1.146128036,,,,,
ivy,3,0.477121255,,,,,
handful,1,0,,,,,
eyesight,1,0,,,,,
wire,65,1.812913357,,,,,
sudden,34,1.531478917,,,,,
mark,421,2.624282096,,,,,
wedding,18,1.255272505,,,,,
bench,54,1.73239376,,,,,
comfortable,62,1.792391689,,,,,
shed,3,0.477121255,,,,,
lane,15,1.176091259,,,,,
tune,19,1.278753601,,,,,
pest,8,0.903089987,,,,,
squirrel,126,2.100370545,,,,,
male,6,0.77815125,,,,,
tadpole,1,0,,,,,
grain,14,1.146128036,,,,,
important,55,1.740362689,,,,,
shake,393,2.59439255,,,,,
office,105,2.021189299,,,,,
dip,17,1.230448921,,,,,
salmon,4,0.602059991,,,,,
task,3,0.477121255,,,,,
stolen,5,0.698970004,,,,,
tin,10,1,,,,,
signal,3,0.477121255,,,,,
play pen,0,0,,,,,
stove,152,2.181843588,,,,,
walk,1100,3.041392685,,,,,
ocean,100,2,,,,,
mean,1984,3.297541668,,,,,
batter,13,1.113943352,,,,,
pop,248,2.394451681,,,,,
baggy,8,0.903089987,,,,,
world,164,2.214843848,,,,,
lie,227,2.356025857,,,,,
twin,15,1.176091259,,,,,
gasp,0,0,,,,,
beautiful,343,2.53529412,,,,,
underwater,2,0.301029996,,,,,
let,4513,3.654465334,,,,,
sell,62,1.792391689,,,,,
thirteenth,13,1.113943352,,,,,
complete,15,1.176091259,,,,,
spell,191,2.281033367,,,,,
hide-and-seek,0,0,,,,,
caller,0,0,,,,,
never,703,2.846955325,,,,,
crack,69,1.838849091,,,,,
gas,174,2.240549248,,,,,
yet,1012,3.005180513,,,,,
tank,57,1.755874856,,,,,
self,34,1.531478917,,,,,
bossy,5,0.698970004,,,,,
directions,22,1.342422681,,,,,
education,1,0,,,,,
clean,1090,3.037426498,,,,,
brick,19,1.278753601,,,,,
crowd,8,0.903089987,,,,,
high chair,0,0,,,,,
wrote,60,1.77815125,,,,,
tugging,2,0.301029996,,,,,
rake,37,1.568201724,,,,,
windmill,25,1.397940009,,,,,
foggy,8,0.903089987,,,,,
hanging,159,2.201397124,,,,,
trade,48,1.681241237,,,,,
shy,21,1.322219295,,,,,
foam,6,0.77815125,,,,,
grabbed,16,1.204119983,,,,,
goodness,144,2.158362492,,,,,
mast,0,0,,,,,
future,2,0.301029996,,,,,
bent,27,1.431363764,,,,,
blackness,0,0,,,,,
jaw,3,0.477121255,,,,,
candle,90,1.954242509,,,,,
beat,90,1.954242509,,,,,
headquarters,0,0,,,,,
delight,0,0,,,,,
skyscraper,3,0.477121255,,,,,
ant,45,1.653212514,,,,,
energy,17,1.230448921,,,,,
nasty,50,1.698970004,,,,,
gear,10,1,,,,,
rack,17,1.230448921,,,,,
sailboat,46,1.662757832,,,,,
wildcat,0,0,,,,,
child,158,2.198657087,,,,,
envelope,34,1.531478917,,,,,
rash,30,1.477121255,,,,,
load,40,1.602059991,,,,,
shown,6,0.77815125,,,,,
whistle,79,1.897627091,,,,,
cinnamon,49,1.69019608,,,,,
stable,4,0.602059991,,,,,
strange,92,1.963787827,,,,,
match,59,1.770852012,,,,,
mailman,102,2.008600172,,,,,
brass,5,0.698970004,,,,,
angel,45,1.653212514,,,,,
instant,4,0.602059991,,,,,
swimmer,14,1.146128036,,,,,
poster,19,1.278753601,,,,,
solo,6,0.77815125,,,,,
outdoors,10,1,,,,,
coach,10,1,,,,,
green beans,0,0,,,,,
tide,11,1.041392685,,,,,
whirl,1,0,,,,,
blueberry,14,1.146128036,,,,,
flour,65,1.812913357,,,,,
by,1432,3.155943018,,,,,
coin,12,1.079181246,,,,,
very,4397,3.643156466,,,,,
prove,6,0.77815125,,,,,
bone,126,2.100370545,,,,,
present,290,2.462397998,,,,,
orphan,11,1.041392685,,,,,
spoil,16,1.204119983,,,,,
frost,3,0.477121255,,,,,
licking,44,1.643452676,,,,,
worst,19,1.278753601,,,,,
supper,290,2.462397998,,,,,
overboard,2,0.301029996,,,,,
doorknob,6,0.77815125,,,,,
killer,1,0,,,,,
equator,0,0,,,,,
academy,0,0,,,,,
awful,143,2.155336037,,,,,
curtains,49,1.69019608,,,,,
tanner,0,0,,,,,
bubble,104,2.017033339,,,,,
tape,1304,3.115277591,,,,,
butterfly,175,2.243038049,,,,,
ever,664,2.822168079,,,,,
human,11,1.041392685,,,,,
swing,355,2.550228353,,,,,
personal,1,0,,,,,
anxious,2,0.301029996,,,,,
haunted,6,0.77815125,,,,,
flare,0,0,,,,,
noodles,99,1.995635195,,,,,
bucket,129,2.11058971,,,,,
dimly,0,0,,,,,
ring,478,2.679427897,,,,,
estate,3,0.477121255,,,,,
ordinary,4,0.602059991,,,,,
unless,72,1.857332496,,,,,
claim,1,0,,,,,
kids,487,2.687528961,,,,,
pneumonia,6,0.77815125,,,,,
con,4,0.602059991,,,,,
hand,1603,3.204933522,,,,,
bath,659,2.818885415,,,,,
wrist,38,1.579783597,,,,,
carrot,213,2.328379603,,,,,
cake,720,2.857332496,,,,,
gleam,0,0,,,,,
pants,643,2.808210973,,,,,
chair,1510,3.178976947,,,,,
cereal,459,2.661812686,,,,,
toy,853,2.930949031,,,,,
today,2309,3.363423933,,,,,
monster,251,2.399673721,,,,,
tiger,291,2.463892989,,,,,
pupil,5,0.698970004,,,,,
afternoon,138,2.139879086,,,,,
blink,20,1.301029996,,,,,
eve,616,2.789580712,,,,,
small,420,2.62324929,,,,,
heel,17,1.230448921,,,,,
again,2896,3.461798558,,,,,
yourself,901,2.954724791,,,,,
dinosaur,437,2.640481437,,,,,
we,19561,4.291391053,,,,,
juicy,18,1.255272505,,,,,
willow,2,0.301029996,,,,,
bend,75,1.875061263,,,,,
meow,382,2.582063363,,,,,
scale,30,1.477121255,,,,,
real,980,2.991226076,,,,,
swim,266,2.424881637,,,,,
dragging,10,1,,,,,
storm,40,1.602059991,,,,,
note,29,1.462397998,,,,,
cornmeal,9,0.954242509,,,,,
crawl,212,2.326335861,,,,,
understand,360,2.556302501,,,,,
alarm,34,1.531478917,,,,,
spin,111,2.045322979,,,,,
lawnmower,26,1.414973348,,,,,
short,183,2.26245109,,,,,
carry,258,2.411619706,,,,,
dungeon,4,0.602059991,,,,,
nickel,38,1.579783597,,,,,
soda pop,0,0,,,,,
loop,11,1.041392685,,,,,
ox,1,0,,,,,
ending,5,0.698970004,,,,,
daughter,62,1.792391689,,,,,
fir,4,0.602059991,,,,,
ripe,27,1.431363764,,,,,
weather,48,1.681241237,,,,,
hare,1,0,,,,,
treasure,27,1.431363764,,,,,
dusty,7,0.84509804,,,,,
fox,93,1.968482949,,,,,
forth,38,1.579783597,,,,,
event,1,0,,,,,
anger,3,0.477121255,,,,,
another,2927,3.466422722,,,,,
sip,48,1.681241237,,,,,
cottage,14,1.146128036,,,,,
works,273,2.436162647,,,,,
comic,3,0.477121255,,,,,
spot,197,2.294466226,,,,,
felt,44,1.643452676,,,,,
hollow,12,1.079181246,,,,,
save,147,2.167317335,,,,,
bat,124,2.093421685,,,,,
earth,33,1.51851394,,,,,
country,78,1.892094603,,,,,
pray,12,1.079181246,,,,,
tumbling,18,1.255272505,,,,,
recorder,669,2.825426118,,,,,
hid,47,1.672097858,,,,,
swirl,1,0,,,,,
hurried,1,0,,,,,
cop,18,1.255272505,,,,,
shuffle,0,0,,,,,
happily,22,1.342422681,,,,,
sponge,59,1.770852012,,,,,
sand,247,2.392696953,,,,,
from,2426,3.384890797,,,,,
has,2754,3.439963936,,,,,
coal,21,1.322219295,,,,,
pigeon,8,0.903089987,,,,,
wallet,19,1.278753601,,,,,
friendly,75,1.875061263,,,,,
steal,25,1.397940009,,,,,
locked,90,1.954242509,,,,,
forgive,4,0.602059991,,,,,
tough,90,1.954242509,,,,,
cattle,7,0.84509804,,,,,
swallow,50,1.698970004,,,,,
track,81,1.908485019,,,,,
sixth,17,1.230448921,,,,,
sure,2088,3.319730494,,,,,
jumpy,0,0,,,,,
model,8,0.903089987,,,,,
couple,251,2.399673721,,,,,
rudder,1,0,,,,,
buzz,125,2.096910013,,,,,
print,12,1.079181246,,,,,
poem,7,0.84509804,,,,,
stand,966,2.984977126,,,,,
blackboard,15,1.176091259,,,,,
grade,22,1.342422681,,,,,
flock,0,0,,,,,
tails,27,1.431363764,,,,,
homework,8,0.903089987,,,,,
distance,10,1,,,,,
sail,33,1.51851394,,,,,
crooked,51,1.707570176,,,,,
choke,160,2.204119983,,,,,
sewn,7,0.84509804,,,,,
film,41,1.612783857,,,,,
sprang,0,0,,,,,
ruler,22,1.342422681,,,,,
wand,13,1.113943352,,,,,
neighbor,29,1.462397998,,,,,
adopt,1,0,,,,,
uncle,172,2.235528447,,,,,
reporter,0,0,,,,,
drenched,6,0.77815125,,,,,
airplane,689,2.838219222,,,,,
clipped,2,0.301029996,,,,,
powder,76,1.880813592,,,,,
sport,21,1.322219295,,,,,
plum,23,1.361727836,,,,,
does,6906,3.839226574,,,,,
though,1079,3.033021445,,,,,
father,161,2.206825876,,,,,
mail,365,2.562292864,,,,,
skipper,3,0.477121255,,,,,
buck,25,1.397940009,,,,,
extremely,4,0.602059991,,,,,
moment,54,1.73239376,,,,,
numb,1,0,,,,,
mitt,4,0.602059991,,,,,
butter,344,2.536558443,,,,,
lately,68,1.832508913,,,,,
knob,33,1.51851394,,,,,
along,174,2.240549248,,,,,
famous,14,1.146128036,,,,,
strain,0,0,,,,,
coast,0,0,,,,,
gate,139,2.1430148,,,,,
original,2,0.301029996,,,,,
cheese,758,2.879669206,,,,,
war,33,1.51851394,,,,,
dumb,48,1.681241237,,,,,
family,242,2.383815366,,,,,
pueblo,0,0,,,,,
lips,68,1.832508913,,,,,
fingernail,27,1.431363764,,,,,
fury,0,0,,,,,
derby,1,0,,,,,
settle,13,1.113943352,,,,,
nuts,69,1.838849091,,,,,
profit,0,0,,,,,
barge,8,0.903089987,,,,,
button,506,2.704150517,,,,,
queer,0,0,,,,,
savage,0,0,,,,,
snowman,136,2.133538908,,,,,
food,1076,3.031812271,,,,,
happy,767,2.884795364,,,,,
cut,917,2.962369336,,,,,
daylight,4,0.602059991,,,,,
sleep,1197,3.07809415,,,,,
birthday,1027,3.011570444,,,,,
black,500,2.698970004,,,,,
pirate,16,1.204119983,,,,,
bring,1420,3.152288344,,,,,
slept,51,1.707570176,,,,,
things,1976,3.29578694,,,,,
housekeeper,0,0,,,,,
digging,29,1.462397998,,,,,
brave,38,1.579783597,,,,,
cute,558,2.746634199,,,,,
left,643,2.808210973,,,,,
mix,119,2.075546961,,,,,
canyon,2,0.301029996,,,,,
olive,9,0.954242509,,,,,
recess,5,0.698970004,,,,,
behind,437,2.640481437,,,,,
cloud,28,1.447158031,,,,,
limb,5,0.698970004,,,,,
math,11,1.041392685,,,,,
coke,55,1.740362689,,,,,
sitter,3,0.477121255,,,,,
crow,19,1.278753601,,,,,
call,850,2.929418926,,,,,
disappear,28,1.447158031,,,,,
spray,51,1.707570176,,,,,
loose,73,1.86332286,,,,,
wing,49,1.69019608,,,,,
spinning,45,1.653212514,,,,,
waitress,8,0.903089987,,,,,
hat,1184,3.073351702,,,,,
lace,1,0,,,,,
went,2150,3.33243846,,,,,
clinic,1,0,,,,,
anybody,275,2.439332694,,,,,
part,1022,3.009450896,,,,,
blossoms,0,0,,,,,
many,1288,3.109915863,,,,,
upstairs,448,2.651278014,,,,,
fixed,237,2.374748346,,,,,
jeep,77,1.886490725,,,,,
wine,22,1.342422681,,,,,
fry,31,1.491361694,,,,,
lemonade,23,1.361727836,,,,,
wore,46,1.662757832,,,,,
pretty,2533,3.40363519,,,,,
tuna,9,0.954242509,,,,,
weird,80,1.903089987,,,,,
every,288,2.459392488,,,,,
flew,57,1.755874856,,,,,
hate,83,1.919078092,,,,,
dove,11,1.041392685,,,,,
concert,13,1.113943352,,,,,
ski,15,1.176091259,,,,,
outside,1328,3.123198075,,,,,
calf,40,1.602059991,,,,,
corner,136,2.133538908,,,,,
rocky,36,1.556302501,,,,,
fog,3,0.477121255,,,,,
flapped,0,0,,,,,
whipping,7,0.84509804,,,,,
clear,59,1.770852012,,,,,
swarm,2,0.301029996,,,,,
hog,10,1,,,,,
fist,11,1.041392685,,,,,
news,42,1.62324929,,,,,
statement,2,0.301029996,,,,,
prisoner,1,0,,,,,
wide,82,1.913813852,,,,,
fearless,0,0,,,,,
position,26,1.414973348,,,,,
mild,1,0,,,,,
mountain,72,1.857332496,,,,,
tremble,1,0,,,,,
potty,190,2.278753601,,,,,
meant,84,1.924279286,,,,,
ridge,1,0,,,,,
bean,86,1.934498451,,,,,
seems,197,2.294466226,,,,,
election,0,0,,,,,
laid,15,1.176091259,,,,,
tires,55,1.740362689,,,,,
anyhow,5,0.698970004,,,,,
shower,163,2.212187604,,,,,
tongue,331,2.519827994,,,,,
puddle,13,1.113943352,,,,,
spider,262,2.418301291,,,,,
plant,151,2.178976947,,,,,
steeple,4,0.602059991,,,,,
tree,895,2.951823035,,,,,
teddy bear,0,0,,,,,
native,2,0.301029996,,,,,
towel,293,2.46686762,,,,,
bowl,472,2.673941999,,,,,
nighttime,34,1.531478917,,,,,
hit,855,2.931966115,,,,,
sat,122,2.086359831,,,,,
son,101,2.004321374,,,,,
stop,1434,3.156549151,,,,,
talent,2,0.301029996,,,,,
visit,253,2.403120521,,,,,
shop,61,1.785329835,,,,,
parties,16,1.204119983,,,,,
poultry,1,0,,,,,
riding,283,2.451786436,,,,,
yesterday,727,2.861534411,,,,,
protect,40,1.602059991,,,,,
too,6660,3.823474229,,,,,
pair,58,1.763427994,,,,,
times,170,2.230448921,,,,,
laugh,112,2.049218023,,,,,
neat,268,2.428134794,,,,,
underneath,157,2.195899652,,,,,
next,1076,3.031812271,,,,,
warehouse,1,0,,,,,
sickness,6,0.77815125,,,,,
squeal,10,1,,,,,
chocolate,386,2.586587305,,,,,
hill,111,2.045322979,,,,,
pick,1053,3.022428371,,,,,
beginning,65,1.812913357,,,,,
sailor,24,1.380211242,,,,,
lever,11,1.041392685,,,,,
finally,66,1.819543936,,,,,
control,46,1.662757832,,,,,
pilot,62,1.792391689,,,,,
all,10755,4.031610415,,,,,
cheerful,6,0.77815125,,,,,
meat,279,2.445604203,,,,,
duckling,5,0.698970004,,,,,
storekeeper,0,0,,,,,
brake,0,0,,,,,
disgust,0,0,,,,,
foot,1053,3.022428371,,,,,
families,9,0.954242509,,,,,
cousin,73,1.86332286,,,,,
steamer,0,0,,,,,
ranger,8,0.903089987,,,,,
less,34,1.531478917,,,,,
cement,32,1.505149978,,,,,
tack,1,0,,,,,
overhead,0,0,,,,,
someday,41,1.612783857,,,,,
agent,0,0,,,,,
churn,0,0,,,,,
force,8,0.903089987,,,,,
juice,1503,3.176958981,,,,,
evil,19,1.278753601,,,,,
cheap,6,0.77815125,,,,,
corn,218,2.338456494,,,,,
nearly,17,1.230448921,,,,,
lawyer,4,0.602059991,,,,,
paragraph,1,0,,,,,
blast,8,0.903089987,,,,,
drum,161,2.206825876,,,,,
heads,60,1.77815125,,,,,
six,563,2.750508395,,,,,
sash,1,0,,,,,
mad,390,2.591064607,,,,,
dance,294,2.46834733,,,,,
monkey,476,2.677606953,,,,,
hungry,691,2.839478047,,,,,
camel,90,1.954242509,,,,,
did,17548,4.244227626,,,,,
crib,164,2.214843848,,,,,
race,110,2.041392685,,,,,
front,487,2.687528961,,,,,
truth,35,1.544068044,,,,,
bought,284,2.45331834,,,,,
watch,1792,3.253338005,,,,,
it,61925,4.791866015,,,,,
shiny,61,1.785329835,,,,,
bus,775,2.889301703,,,,,
needles,16,1.204119983,,,,,
gladly,1,0,,,,,
good,11048,4.043283666,,,,,
large,43,1.633468456,,,,,
goose,131,2.117271296,,,,,
circle,392,2.593286067,,,,,
but,5708,3.756483964,,,,,
shade,39,1.591064607,,,,,
caught,237,2.374748346,,,,,
slush,0,0,,,,,
correct,15,1.176091259,,,,,
knife,147,2.167317335,,,,,
tea,437,2.640481437,,,,,
major,9,0.954242509,,,,,
great,596,2.77524626,,,,,
house,3249,3.511749711,,,,,
forty,77,1.886490725,,,,,
partner,5,0.698970004,,,,,
few,252,2.401400541,,,,,
rust,1,0,,,,,
cab,13,1.113943352,,,,,
as,1164,3.06595298,,,,,
down,8127,3.90993026,,,,,
bug,262,2.418301291,,,,,
orange,839,2.923761961,,,,,
inn,2,0.301029996,,,,,
slope,0,0,,,,,
firm,2,0.301029996,,,,,
cricket,34,1.531478917,,,,,
brushes,21,1.322219295,,,,,
bony,4,0.602059991,,,,,
although,23,1.361727836,,,,,
engineer,10,1,,,,,
unwilling,0,0,,,,,
bob,100,2,,,,,
horse,1172,3.068927612,,,,,
adventure,10,1,,,,,
heap,1,0,,,,,
television,122,2.086359831,,,,,
sent,133,2.123851641,,,,,
knew,242,2.383815366,,,,,
troubled,0,0,,,,,
ought,0,0,,,,,
street,385,2.58546073,,,,,
advice,4,0.602059991,,,,,
ghostly,0,0,,,,,
basketball,90,1.954242509,,,,,
tribe,0,0,,,,,
giant,84,1.924279286,,,,,
stuff,1242,3.094121596,,,,,
forgot,378,2.5774918,,,,,
joke,45,1.653212514,,,,,
color,1400,3.146128036,,,,,
blush,1,0,,,,,
carol,43,1.633468456,,,,,
acting,36,1.556302501,,,,,
orchard,3,0.477121255,,,,,
hairy,8,0.903089987,,,,,
bark,92,1.963787827,,,,,
darkness,1,0,,,,,
boat,613,2.787460475,,,,,
pitch,12,1.079181246,,,,,
bait,6,0.77815125,,,,,
scrape,18,1.255272505,,,,,
compass,12,1.079181246,,,,,
cow,983,2.992553518,,,,,
fixes,17,1.230448921,,,,,
highway,2,0.301029996,,,,,
language,50,1.698970004,,,,,
knock,427,2.630427875,,,,,
sidewalk,62,1.792391689,,,,,
stone,59,1.770852012,,,,,
crayfish,4,0.602059991,,,,,
lumber,9,0.954242509,,,,,
shook,13,1.113943352,,,,,
muffin,83,1.919078092,,,,,
cane,22,1.342422681,,,,,
lip,40,1.602059991,,,,,
branch,35,1.544068044,,,,,
electricity,22,1.342422681,,,,,
getting,1567,3.195068996,,,,,
jumble,1,0,,,,,
tag,31,1.491361694,,,,,
spent,17,1.230448921,,,,,
teacher,143,2.155336037,,,,,
surf,0,0,,,,,
lean,63,1.799340549,,,,,
rubber,93,1.968482949,,,,,
fatter,11,1.041392685,,,,,
whipped,6,0.77815125,,,,,
rug,190,2.278753601,,,,,
current,2,0.301029996,,,,,
tub,159,2.201397124,,,,,
raisin,57,1.755874856,,,,,
empty,220,2.342422681,,,,,
nope,493,2.692846919,,,,,
covered,69,1.838849091,,,,,
be,8347,3.921530414,,,,,
deliver,26,1.414973348,,,,,
prize,19,1.278753601,,,,,
pour,252,2.401400541,,,,,
good-bye,0,0,,,,,
accident,108,2.033423755,,,,,
bad,1113,3.046495164,,,,,
knitting,15,1.176091259,,,,,
alone,354,2.549003262,,,,,
already,749,2.874481818,,,,,
herself,80,1.903089987,,,,,
could,2712,3.433289685,,,,,
lick,110,2.041392685,,,,,
summer,216,2.334453751,,,,,
form,7,0.84509804,,,,,
plug,79,1.897627091,,,,,
suitcase,131,2.117271296,,,,,
rise,13,1.113943352,,,,,
stool,127,2.103803721,,,,,
act,49,1.69019608,,,,,
whenever,56,1.748188027,,,,,
foreman,0,0,,,,,
spaghetti,154,2.187520721,,,,,
pencil,422,2.625312451,,,,,
writing,234,2.369215857,,,,,
jumper,12,1.079181246,,,,,
little,10453,4.01924095,,,,,
wheat,50,1.698970004,,,,,
moss,5,0.698970004,,,,,
exercise,38,1.579783597,,,,,
naughty,82,1.913813852,,,,,
holds,36,1.556302501,,,,,
apron,39,1.591064607,,,,,
dash,1,0,,,,,
gold,62,1.792391689,,,,,
firehouse,6,0.77815125,,,,,
chew,348,2.541579244,,,,,
knot,60,1.77815125,,,,,
drain,24,1.380211242,,,,,
thing,2097,3.32159843,,,,,
cube,18,1.255272505,,,,,
successful,1,0,,,,,
apartment,15,1.176091259,,,,,
queen,73,1.86332286,,,,,
art,36,1.556302501,,,,,
sit,2788,3.445292769,,,,,
donkey,222,2.346352974,,,,,
policeman,72,1.857332496,,,,,
scissors,188,2.274157849,,,,,
aisle,10,1,,,,,
fallen,19,1.278753601,,,,,
ice,497,2.696356389,,,,,
daisy,45,1.653212514,,,,,
snow,390,2.591064607,,,,,
dusk,0,0,,,,,
potato,103,2.012837225,,,,,
tone,2,0.301029996,,,,,
link,4,0.602059991,,,,,
chicken,689,2.838219222,,,,,
pail,67,1.826074803,,,,,
my,7343,3.865873528,,,,,
finish,646,2.810232518,,,,,
treatment,5,0.698970004,,,,,
split,23,1.361727836,,,,,
barn,294,2.46834733,,,,,
looks,1837,3.264109156,,,,,
edge,70,1.84509804,,,,,
beach,421,2.624282096,,,,,
must,751,2.875639937,,,,,
brother,280,2.447158031,,,,,
perform,3,0.477121255,,,,,
thin,47,1.672097858,,,,,
laboratory,1,0,,,,,
play dough,0,0,,,,,
jello,65,1.812913357,,,,,
blues,15,1.176091259,,,,,
foolish,8,0.903089987,,,,,
raincoat,17,1.230448921,,,,,
peace,12,1.079181246,,,,,
sheet,30,1.477121255,,,,,
hold,1919,3.283074975,,,,,
period,4,0.602059991,,,,,
peach,36,1.556302501,,,,,
glitter,7,0.84509804,,,,,
cookie,642,2.807535028,,,,,
cried,100,2,,,,,
footsteps,2,0.301029996,,,,,
hush,34,1.531478917,,,,,
stamp,31,1.491361694,,,,,
map,43,1.633468456,,,,,
phone,590,2.770852012,,,,,
sake,15,1.176091259,,,,,
sue,81,1.908485019,,,,,
love,1175,3.070037867,,,,,
mess,519,2.715167358,,,,,
view,20,1.301029996,,,,,
lake,77,1.886490725,,,,,
aid,16,1.204119983,,,,,
doubt,25,1.397940009,,,,,
drunk,13,1.113943352,,,,,
quick,189,2.276461804,,,,,
joy,43,1.633468456,,,,,
noise,700,2.84509804,,,,,
fight,159,2.201397124,,,,,
rough,148,2.170261715,,,,,
mend,2,0.301029996,,,,,
spare,26,1.414973348,,,,,
doll,546,2.737192643,,,,,
judge,16,1.204119983,,,,,
sly,0,0,,,,,
game,743,2.870988814,,,,,
hair,2045,3.310693312,,,,,
fruit,181,2.257678575,,,,,